empty;NPTF;NAV_DATE;TOTGRP;GROUPE;CMON_REF;CTRI;LIBELLE;TRI;LOCAL_CCY;NAV_USD;NAV_LOCAL_CCY;MNT_REMB2_DEAL;MNT_REMB;MNT_REMB2;MNT_CAP;MNT_CAP_PTF;TAUX;MNT_INT_CR;MNT_INT_CR_PTF;MNT_TAXE_REC_CR;MNT_TAXE_NREC_CR;MNT_INT_AN;MNT_TAXE_REC_AN;MNT_TAXE_NREC_AN;GAIN_PERTE;GAIN_PERTE_TCHG;GAIN_PERTE_KURS;MNT_REALIS;MNT_REALIS_TCHG;MNT_REALIS_KURS;NRUBR;CGTI;CODE_SECT;CODE_PAYS;LIBELLE1;DATECH;CODE_REMB;PER_REMB;DLASTCOUP;DPROCCOUP;CODE_REMB2;PER_REMB2;TREVENU;CSERV;NCONTRAT;DVAL;NOVAL;NCORRESP;NSUFF;QUANTITE;CUSANCE;COURS;NB_JOURS_REST;NB_JOURS_INT;COURS_REVIENT;CMON2;MNT_ACT_CMON2_PTF;MNT_ACT_CMON2;MNT_ACT_DEAL;MNT_CAP_DEAL;NPTF_DETAIL;RENDEMENT_POND;RENDEMENT;PCT_TAXE_REC;PCT_TAXE_NREC;NRUBR_CORR;LIBELLE2;MNT_INT_CR_DEAL;CSTATUS;NB_JOURS_REND;TCHG_HISTORIQUE;CINT_AJUSTEMENT;CAT_EMET;TYP_RATING;CRATING;CMON_LIM;MNT_ACT_GROUP;MNT_INT_CR_GROUP;NISSUER_GUARANTEED;TYP_RATING_L;CRATING_L;COURS_BID;COURS_OFFER;MNT_ACT_DEAL_BID;MNT_ACT_DEAL_OFFER;MNT_ACT_BID;MNT_ACT_OFFER;NESTI;NB_JOURS_COUP;FMULTI;TAUX2;MNT_IC_TCHG_PTF;MNT_IC_NEG_TCHG_PTF;TYPE_COURSVAL;DATE_COURS;NS_PORTFOLIO;NB_STALE_PRICE;MNT_AMORTISSEMENT;MNT_ACT_CMON3;MNT_ACT_CMON3_PTF;NEXT;MNT_IP_PTF;NO_SEQ;SEC_INCOME_PTF;SEC_YIELD;SEC_MNT_ACT;SEC_MNT_ACT_DEAL;SEC_INCOME;CODE_OID;INC_YIELD;CTYPE_INC_YIELD;CTYPE_RED_YIELD;AMORT_PRICE;MNT_AMORTISSEMENT_DEAL;COURS_TRUE;COPER_VAL;DELTA_2;DOPER_POT;NEXT_CPT;CMON_CPT;IMPORTATION_DATE;IMPORTED BY
;9097;30-09-21;;;;;;;;5679757.860000000000000000000000;;;;;;;;;;;;;;;;;;;;;;;;;;;;;;;;;;;;;204017;;;;;;;;;;;;;;;;;;;;;;;;;;;;;;;;;;;;;;;;;;;;;;;;;;;;;;;;;;;;;;;;;;;;;;;;;;;
;9092;30-09-21;;;;;;;;2094517.090000000000000000000000;;;;;;;;;;;;;;;;;;;;;;;;;;;;;;;;;;;;;146280;;;;;;;;;;;;;;;;;;;;;;;;;;;;;;;;;;;;;;;;;;;;;;;;;;;;;;;;;;;;;;;;;;;;;;;;;;;
;9097;30-09-21;;;;;;;;966767.300000000000000000000000;;;;;;;;;;;;;;;;;;;;;;;;;;;;;;;;;;;;;216092;;;;;;;;;;;;;;;;;;;;;;;;;;;;;;;;;;;;;;;;;;;;;;;;;;;;;;;;;;;;;;;;;;;;;;;;;;;
;9097;30-09-21;;;;;;;;435045.280000000000000000000000;;;;;;;;;;;;;;;;;;;;;;;;;;;;;;;;;;;;;180277;;;;;;;;;;;;;;;;;;;;;;;;;;;;;;;;;;;;;;;;;;;;;;;;;;;;;;;;;;;;;;;;;;;;;;;;;;;
;9092;30-09-21;;;;;;;;954682.700000000000000000000000;;;;;;;;;;;;;;;;;;;;;;;;;;;;;;;;;;;;;215429;;;;;;;;;;;;;;;;;;;;;;;;;;;;;;;;;;;;;;;;;;;;;;;;;;;;;;;;;;;;;;;;;;;;;;;;;;;
;9097;30-09-21;;;;;;;;5000000.000000000000000000000000;;;;;;;;;;;;;;;;;;;;;;;;;;;;;;;;;;;;;206542;;;;;;;;;;;;;;;;;;;;;;;;;;;;;;;;;;;;;;;;;;;;;;;;;;;;;;;;;;;;;;;;;;;;;;;;;;;
;9097;30-09-21;;;;;;;;2317900.000000000000000000000000;;;;;;;;;;;;;;;;;;;;;;;;;;;;;;;;;;;;;192826;;;;;;;;;;;;;;;;;;;;;;;;;;;;;;;;;;;;;;;;;;;;;;;;;;;;;;;;;;;;;;;;;;;;;;;;;;;
;9097;30-09-21;;;;;;;;5000000.000000000000000000000000;;;;;;;;;;;;;;;;;;;;;;;;;;;;;;;;;;;;;173274;;;;;;;;;;;;;;;;;;;;;;;;;;;;;;;;;;;;;;;;;;;;;;;;;;;;;;;;;;;;;;;;;;;;;;;;;;;
;9091;30-09-21;;;;;;;;2000000.000000000000000000000000;;;;;;;;;;;;;;;;;;;;;;;;;;;;;;;;;;;;;195012;;;;;;;;;;;;;;;;;;;;;;;;;;;;;;;;;;;;;;;;;;;;;;;;;;;;;;;;;;;;;;;;;;;;;;;;;;;
;9093;30-09-21;;;;;;;;750000.000000000000000000000000;;;;;;;;;;;;;;;;;;;;;;;;;;;;;;;;;;;;;197206;;;;;;;;;;;;;;;;;;;;;;;;;;;;;;;;;;;;;;;;;;;;;;;;;;;;;;;;;;;;;;;;;;;;;;;;;;;
;9093;30-09-21;;;;;;;;2000000.000000000000000000000000;;;;;;;;;;;;;;;;;;;;;;;;;;;;;;;;;;;;;197354;;;;;;;;;;;;;;;;;;;;;;;;;;;;;;;;;;;;;;;;;;;;;;;;;;;;;;;;;;;;;;;;;;;;;;;;;;;
;9093;30-09-21;;;;;;;;11750000.000000000000000000000000;;;;;;;;;;;;;;;;;;;;;;;;;;;;;;;;;;;;;197356;;;;;;;;;;;;;;;;;;;;;;;;;;;;;;;;;;;;;;;;;;;;;;;;;;;;;;;;;;;;;;;;;;;;;;;;;;;
;9092;30-09-21;;;;;;;;4984676.140000000000000000000000;;;;;;;;;;;;;;;;;;;;;;;;;;;;;;;;;;;;;215827;;;;;;;;;;;;;;;;;;;;;;;;;;;;;;;;;;;;;;;;;;;;;;;;;;;;;;;;;;;;;;;;;;;;;;;;;;;
;9092;30-09-21;;;;;;;;6736048.830000000000000000000000;;;;;;;;;;;;;;;;;;;;;;;;;;;;;;;;;;;;;207609;;;;;;;;;;;;;;;;;;;;;;;;;;;;;;;;;;;;;;;;;;;;;;;;;;;;;;;;;;;;;;;;;;;;;;;;;;;
;9093;30-09-21;;;;;;;;5000000.000000000000000000000000;;;;;;;;;;;;;;;;;;;;;;;;;;;;;;;;;;;;;202068;;;;;;;;;;;;;;;;;;;;;;;;;;;;;;;;;;;;;;;;;;;;;;;;;;;;;;;;;;;;;;;;;;;;;;;;;;;
;9092;30-09-21;;;;;;;;879775.520000000000000000000000;;;;;;;;;;;;;;;;;;;;;;;;;;;;;;;;;;;;;173848;;;;;;;;;;;;;;;;;;;;;;;;;;;;;;;;;;;;;;;;;;;;;;;;;;;;;;;;;;;;;;;;;;;;;;;;;;;
;9092;30-09-21;;;;;;;;1886093.670000000000000000000000;;;;;;;;;;;;;;;;;;;;;;;;;;;;;;;;;;;;;207210;;;;;;;;;;;;;;;;;;;;;;;;;;;;;;;;;;;;;;;;;;;;;;;;;;;;;;;;;;;;;;;;;;;;;;;;;;;
;9092;30-09-21;;;;;;;;1886093.670000000000000000000000;;;;;;;;;;;;;;;;;;;;;;;;;;;;;;;;;;;;;207208;;;;;;;;;;;;;;;;;;;;;;;;;;;;;;;;;;;;;;;;;;;;;;;;;;;;;;;;;;;;;;;;;;;;;;;;;;;
;9093;30-09-21;;;;;;;;990497.540000000000000000000000;;;;;;;;;;;;;;;;;;;;;;;;;;;;;;;;;;;;;215028;;;;;;;;;;;;;;;;;;;;;;;;;;;;;;;;;;;;;;;;;;;;;;;;;;;;;;;;;;;;;;;;;;;;;;;;;;;
;9093;30-09-21;;;;;;;;984338.270000000000000000000000;;;;;;;;;;;;;;;;;;;;;;;;;;;;;;;;;;;;;202610;;;;;;;;;;;;;;;;;;;;;;;;;;;;;;;;;;;;;;;;;;;;;;;;;;;;;;;;;;;;;;;;;;;;;;;;;;;
;9097;30-09-21;;;;;;;;2000000.000000000000000000000000;;;;;;;;;;;;;;;;;;;;;;;;;;;;;;;;;;;;;185481;;;;;;;;;;;;;;;;;;;;;;;;;;;;;;;;;;;;;;;;;;;;;;;;;;;;;;;;;;;;;;;;;;;;;;;;;;;
;9092;30-09-21;;;;;;;;2003468.650000000000000000000000;;;;;;;;;;;;;;;;;;;;;;;;;;;;;;;;;;;;;212864;;;;;;;;;;;;;;;;;;;;;;;;;;;;;;;;;;;;;;;;;;;;;;;;;;;;;;;;;;;;;;;;;;;;;;;;;;;
;9091;30-09-21;;;;;;;;145015.160000000000000000000000;;;;;;;;;;;;;;;;;;;;;;;;;;;;;;;;;;;;;157331;;;;;;;;;;;;;;;;;;;;;;;;;;;;;;;;;;;;;;;;;;;;;;;;;;;;;;;;;;;;;;;;;;;;;;;;;;;
;9091;30-09-21;;;;;;;;140750.010000000000000000000000;;;;;;;;;;;;;;;;;;;;;;;;;;;;;;;;;;;;;203806;;;;;;;;;;;;;;;;;;;;;;;;;;;;;;;;;;;;;;;;;;;;;;;;;;;;;;;;;;;;;;;;;;;;;;;;;;;
;9092;30-09-21;;;;;;;;9834631.290000000000000000000000;;;;;;;;;;;;;;;;;;;;;;;;;;;;;;;;;;;;;215873;;;;;;;;;;;;;;;;;;;;;;;;;;;;;;;;;;;;;;;;;;;;;;;;;;;;;;;;;;;;;;;;;;;;;;;;;;;
;9092;30-09-21;;;;;;;;3502745.390000000000000000000000;;;;;;;;;;;;;;;;;;;;;;;;;;;;;;;;;;;;;196232;;;;;;;;;;;;;;;;;;;;;;;;;;;;;;;;;;;;;;;;;;;;;;;;;;;;;;;;;;;;;;;;;;;;;;;;;;;
;9091;30-09-21;;;;;;;;10000000.000000000000000000000000;;;;;;;;;;;;;;;;;;;;;;;;;;;;;;;;;;;;;161059;;;;;;;;;;;;;;;;;;;;;;;;;;;;;;;;;;;;;;;;;;;;;;;;;;;;;;;;;;;;;;;;;;;;;;;;;;;
;9092;30-09-21;;;;;;;;2500000.000000000000000000000000;;;;;;;;;;;;;;;;;;;;;;;;;;;;;;;;;;;;;147153;;;;;;;;;;;;;;;;;;;;;;;;;;;;;;;;;;;;;;;;;;;;;;;;;;;;;;;;;;;;;;;;;;;;;;;;;;;
;9092;30-09-21;;;;;;;;2500000.000000000000000000000000;;;;;;;;;;;;;;;;;;;;;;;;;;;;;;;;;;;;;160375;;;;;;;;;;;;;;;;;;;;;;;;;;;;;;;;;;;;;;;;;;;;;;;;;;;;;;;;;;;;;;;;;;;;;;;;;;;
;9092;30-09-21;;;;;;;;3000000.000000000000000000000000;;;;;;;;;;;;;;;;;;;;;;;;;;;;;;;;;;;;;210585;;;;;;;;;;;;;;;;;;;;;;;;;;;;;;;;;;;;;;;;;;;;;;;;;;;;;;;;;;;;;;;;;;;;;;;;;;;
;9092;30-09-21;;;;;;;;1142000.000000000000000000000000;;;;;;;;;;;;;;;;;;;;;;;;;;;;;;;;;;;;;168972;;;;;;;;;;;;;;;;;;;;;;;;;;;;;;;;;;;;;;;;;;;;;;;;;;;;;;;;;;;;;;;;;;;;;;;;;;;
;9092;30-09-21;;;;;;;;786156.000000000000000000000000;;;;;;;;;;;;;;;;;;;;;;;;;;;;;;;;;;;;;202976;;;;;;;;;;;;;;;;;;;;;;;;;;;;;;;;;;;;;;;;;;;;;;;;;;;;;;;;;;;;;;;;;;;;;;;;;;;
;9093;30-09-21;;;;;;;;15000000.000000000000000000000000;;;;;;;;;;;;;;;;;;;;;;;;;;;;;;;;;;;;;197204;;;;;;;;;;;;;;;;;;;;;;;;;;;;;;;;;;;;;;;;;;;;;;;;;;;;;;;;;;;;;;;;;;;;;;;;;;;
;9092;30-09-21;;;;;;;;1250000.000000000000000000000000;;;;;;;;;;;;;;;;;;;;;;;;;;;;;;;;;;;;;145298;;;;;;;;;;;;;;;;;;;;;;;;;;;;;;;;;;;;;;;;;;;;;;;;;;;;;;;;;;;;;;;;;;;;;;;;;;;
;9092;30-09-21;;;;;;;;4000000.000000000000000000000000;;;;;;;;;;;;;;;;;;;;;;;;;;;;;;;;;;;;;215555;;;;;;;;;;;;;;;;;;;;;;;;;;;;;;;;;;;;;;;;;;;;;;;;;;;;;;;;;;;;;;;;;;;;;;;;;;;
;9097;30-09-21;;;;;;;;15000000.000000000000000000000000;;;;;;;;;;;;;;;;;;;;;;;;;;;;;;;;;;;;;158748;;;;;;;;;;;;;;;;;;;;;;;;;;;;;;;;;;;;;;;;;;;;;;;;;;;;;;;;;;;;;;;;;;;;;;;;;;;
;9097;30-09-21;;;;;;;;5000000.000000000000000000000000;;;;;;;;;;;;;;;;;;;;;;;;;;;;;;;;;;;;;176948;;;;;;;;;;;;;;;;;;;;;;;;;;;;;;;;;;;;;;;;;;;;;;;;;;;;;;;;;;;;;;;;;;;;;;;;;;;
;9091;30-09-21;;;;;;;;3500000.000000000000000000000000;;;;;;;;;;;;;;;;;;;;;;;;;;;;;;;;;;;;;175341;;;;;;;;;;;;;;;;;;;;;;;;;;;;;;;;;;;;;;;;;;;;;;;;;;;;;;;;;;;;;;;;;;;;;;;;;;;
;9091;30-09-21;;;;;;;;3500000.000000000000000000000000;;;;;;;;;;;;;;;;;;;;;;;;;;;;;;;;;;;;;175458;;;;;;;;;;;;;;;;;;;;;;;;;;;;;;;;;;;;;;;;;;;;;;;;;;;;;;;;;;;;;;;;;;;;;;;;;;;
;9092;30-09-21;;;;;;;;10005000.000000000000000000000000;;;;;;;;;;;;;;;;;;;;;;;;;;;;;;;;;;;;;189545;;;;;;;;;;;;;;;;;;;;;;;;;;;;;;;;;;;;;;;;;;;;;;;;;;;;;;;;;;;;;;;;;;;;;;;;;;;
;9092;30-09-21;;;;;;;;2069930.750000000000000000000000;;;;;;;;;;;;;;;;;;;;;;;;;;;;;;;;;;;;;163387;;;;;;;;;;;;;;;;;;;;;;;;;;;;;;;;;;;;;;;;;;;;;;;;;;;;;;;;;;;;;;;;;;;;;;;;;;;
;9093;30-09-21;;;;;;;;6993648.370000000000000000000000;;;;;;;;;;;;;;;;;;;;;;;;;;;;;;;;;;;;;190614;;;;;;;;;;;;;;;;;;;;;;;;;;;;;;;;;;;;;;;;;;;;;;;;;;;;;;;;;;;;;;;;;;;;;;;;;;;
;9093;30-09-21;;;;;;;;3240759.690000000000000000000000;;;;;;;;;;;;;;;;;;;;;;;;;;;;;;;;;;;;;211411;;;;;;;;;;;;;;;;;;;;;;;;;;;;;;;;;;;;;;;;;;;;;;;;;;;;;;;;;;;;;;;;;;;;;;;;;;;
;9092;30-09-21;;;;;;;;736022.190000000000000000000000;;;;;;;;;;;;;;;;;;;;;;;;;;;;;;;;;;;;;156399;;;;;;;;;;;;;;;;;;;;;;;;;;;;;;;;;;;;;;;;;;;;;;;;;;;;;;;;;;;;;;;;;;;;;;;;;;;
;9093;30-09-21;;;;;;;;474235.300000000000000000000000;;;;;;;;;;;;;;;;;;;;;;;;;;;;;;;;;;;;;180290;;;;;;;;;;;;;;;;;;;;;;;;;;;;;;;;;;;;;;;;;;;;;;;;;;;;;;;;;;;;;;;;;;;;;;;;;;;
;9093;30-09-21;;;;;;;;3981973.710000000000000000000000;;;;;;;;;;;;;;;;;;;;;;;;;;;;;;;;;;;;;191500;;;;;;;;;;;;;;;;;;;;;;;;;;;;;;;;;;;;;;;;;;;;;;;;;;;;;;;;;;;;;;;;;;;;;;;;;;;
;9091;30-09-21;;;;;;;;1664578.620000000000000000000000;;;;;;;;;;;;;;;;;;;;;;;;;;;;;;;;;;;;;207497;;;;;;;;;;;;;;;;;;;;;;;;;;;;;;;;;;;;;;;;;;;;;;;;;;;;;;;;;;;;;;;;;;;;;;;;;;;
;9097;30-09-21;;;;;;;;2333400.000000000000000000000000;;;;;;;;;;;;;;;;;;;;;;;;;;;;;;;;;;;;;166637;;;;;;;;;;;;;;;;;;;;;;;;;;;;;;;;;;;;;;;;;;;;;;;;;;;;;;;;;;;;;;;;;;;;;;;;;;;
;9097;30-09-21;;;;;;;;9445442.500000000000000000000000;;;;;;;;;;;;;;;;;;;;;;;;;;;;;;;;;;;;;160699;;;;;;;;;;;;;;;;;;;;;;;;;;;;;;;;;;;;;;;;;;;;;;;;;;;;;;;;;;;;;;;;;;;;;;;;;;;
;9092;30-09-21;;;;;;;;3368024.420000000000000000000000;;;;;;;;;;;;;;;;;;;;;;;;;;;;;;;;;;;;;191142;;;;;;;;;;;;;;;;;;;;;;;;;;;;;;;;;;;;;;;;;;;;;;;;;;;;;;;;;;;;;;;;;;;;;;;;;;;
;9097;30-09-21;;;;;;;;5000000.000000000000000000000000;;;;;;;;;;;;;;;;;;;;;;;;;;;;;;;;;;;;;199988;;;;;;;;;;;;;;;;;;;;;;;;;;;;;;;;;;;;;;;;;;;;;;;;;;;;;;;;;;;;;;;;;;;;;;;;;;;
;9097;30-09-21;;;;;;;;1000000.000000000000000000000000;;;;;;;;;;;;;;;;;;;;;;;;;;;;;;;;;;;;;178929;;;;;;;;;;;;;;;;;;;;;;;;;;;;;;;;;;;;;;;;;;;;;;;;;;;;;;;;;;;;;;;;;;;;;;;;;;;
;9097;30-09-21;;;;;;;;4000000.000000000000000000000000;;;;;;;;;;;;;;;;;;;;;;;;;;;;;;;;;;;;;166638;;;;;;;;;;;;;;;;;;;;;;;;;;;;;;;;;;;;;;;;;;;;;;;;;;;;;;;;;;;;;;;;;;;;;;;;;;;
;9097;30-09-21;;;;;;;;2000000.000000000000000000000000;;;;;;;;;;;;;;;;;;;;;;;;;;;;;;;;;;;;;180103;;;;;;;;;;;;;;;;;;;;;;;;;;;;;;;;;;;;;;;;;;;;;;;;;;;;;;;;;;;;;;;;;;;;;;;;;;;
;9097;30-09-21;;;;;;;;3500000.000000000000000000000000;;;;;;;;;;;;;;;;;;;;;;;;;;;;;;;;;;;;;183885;;;;;;;;;;;;;;;;;;;;;;;;;;;;;;;;;;;;;;;;;;;;;;;;;;;;;;;;;;;;;;;;;;;;;;;;;;;
;9097;30-09-21;;;;;;;;750000.000000000000000000000000;;;;;;;;;;;;;;;;;;;;;;;;;;;;;;;;;;;;;183594;;;;;;;;;;;;;;;;;;;;;;;;;;;;;;;;;;;;;;;;;;;;;;;;;;;;;;;;;;;;;;;;;;;;;;;;;;;
;9097;30-09-21;;;;;;;;750000.000000000000000000000000;;;;;;;;;;;;;;;;;;;;;;;;;;;;;;;;;;;;;184894;;;;;;;;;;;;;;;;;;;;;;;;;;;;;;;;;;;;;;;;;;;;;;;;;;;;;;;;;;;;;;;;;;;;;;;;;;;
;9097;30-09-21;;;;;;;;1000000.000000000000000000000000;;;;;;;;;;;;;;;;;;;;;;;;;;;;;;;;;;;;;210886;;;;;;;;;;;;;;;;;;;;;;;;;;;;;;;;;;;;;;;;;;;;;;;;;;;;;;;;;;;;;;;;;;;;;;;;;;;
;9097;30-09-21;;;;;;;;666800.000000000000000000000000;;;;;;;;;;;;;;;;;;;;;;;;;;;;;;;;;;;;;160398;;;;;;;;;;;;;;;;;;;;;;;;;;;;;;;;;;;;;;;;;;;;;;;;;;;;;;;;;;;;;;;;;;;;;;;;;;;
;9097;30-09-21;;;;;;;;333400.000000000000000000000000;;;;;;;;;;;;;;;;;;;;;;;;;;;;;;;;;;;;;161817;;;;;;;;;;;;;;;;;;;;;;;;;;;;;;;;;;;;;;;;;;;;;;;;;;;;;;;;;;;;;;;;;;;;;;;;;;;
;9097;30-09-21;;;;;;;;500000.000000000000000000000000;;;;;;;;;;;;;;;;;;;;;;;;;;;;;;;;;;;;;166630;;;;;;;;;;;;;;;;;;;;;;;;;;;;;;;;;;;;;;;;;;;;;;;;;;;;;;;;;;;;;;;;;;;;;;;;;;;
;9097;30-09-21;;;;;;;;7620155.110000000000000000000000;;;;;;;;;;;;;;;;;;;;;;;;;;;;;;;;;;;;;196166;;;;;;;;;;;;;;;;;;;;;;;;;;;;;;;;;;;;;;;;;;;;;;;;;;;;;;;;;;;;;;;;;;;;;;;;;;;
;9097;30-09-21;;;;;;;;4829199.780000000000000000000000;;;;;;;;;;;;;;;;;;;;;;;;;;;;;;;;;;;;;180767;;;;;;;;;;;;;;;;;;;;;;;;;;;;;;;;;;;;;;;;;;;;;;;;;;;;;;;;;;;;;;;;;;;;;;;;;;;
;9097;30-09-21;;;;;;;;3000000.000000000000000000000000;;;;;;;;;;;;;;;;;;;;;;;;;;;;;;;;;;;;;183596;;;;;;;;;;;;;;;;;;;;;;;;;;;;;;;;;;;;;;;;;;;;;;;;;;;;;;;;;;;;;;;;;;;;;;;;;;;
;9097;30-09-21;;;;;;;;2000000.000000000000000000000000;;;;;;;;;;;;;;;;;;;;;;;;;;;;;;;;;;;;;209005;;;;;;;;;;;;;;;;;;;;;;;;;;;;;;;;;;;;;;;;;;;;;;;;;;;;;;;;;;;;;;;;;;;;;;;;;;;
;9097;30-09-21;;;;;;;;1000000.000000000000000000000000;;;;;;;;;;;;;;;;;;;;;;;;;;;;;;;;;;;;;211677;;;;;;;;;;;;;;;;;;;;;;;;;;;;;;;;;;;;;;;;;;;;;;;;;;;;;;;;;;;;;;;;;;;;;;;;;;;
;9097;30-09-21;;;;;;;;2000000.000000000000000000000000;;;;;;;;;;;;;;;;;;;;;;;;;;;;;;;;;;;;;211682;;;;;;;;;;;;;;;;;;;;;;;;;;;;;;;;;;;;;;;;;;;;;;;;;;;;;;;;;;;;;;;;;;;;;;;;;;;
;9093;30-09-21;;;;;;;;3750000.000000000000000000000000;;;;;;;;;;;;;;;;;;;;;;;;;;;;;;;;;;;;;190521;;;;;;;;;;;;;;;;;;;;;;;;;;;;;;;;;;;;;;;;;;;;;;;;;;;;;;;;;;;;;;;;;;;;;;;;;;;
;9093;30-09-21;;;;;;;;3750000.000000000000000000000000;;;;;;;;;;;;;;;;;;;;;;;;;;;;;;;;;;;;;192149;;;;;;;;;;;;;;;;;;;;;;;;;;;;;;;;;;;;;;;;;;;;;;;;;;;;;;;;;;;;;;;;;;;;;;;;;;;
;9093;30-09-21;;;;;;;;5504502.380000000000000000000000;;;;;;;;;;;;;;;;;;;;;;;;;;;;;;;;;;;;;211409;;;;;;;;;;;;;;;;;;;;;;;;;;;;;;;;;;;;;;;;;;;;;;;;;;;;;;;;;;;;;;;;;;;;;;;;;;;
;9097;30-09-21;;;;;;;;3916126.190000000000000000000000;;;;;;;;;;;;;;;;;;;;;;;;;;;;;;;;;;;;;190181;;;;;;;;;;;;;;;;;;;;;;;;;;;;;;;;;;;;;;;;;;;;;;;;;;;;;;;;;;;;;;;;;;;;;;;;;;;
;9091;30-09-21;;;;;;;;3000000.000000000000000000000000;;;;;;;;;;;;;;;;;;;;;;;;;;;;;;;;;;;;;211914;;;;;;;;;;;;;;;;;;;;;;;;;;;;;;;;;;;;;;;;;;;;;;;;;;;;;;;;;;;;;;;;;;;;;;;;;;;
;9091;30-09-21;;;;;;;;5867932.620000000000000000000000;;;;;;;;;;;;;;;;;;;;;;;;;;;;;;;;;;;;;209493;;;;;;;;;;;;;;;;;;;;;;;;;;;;;;;;;;;;;;;;;;;;;;;;;;;;;;;;;;;;;;;;;;;;;;;;;;;
;9091;30-09-21;;;;;;;;5867932.610000000000000000000000;;;;;;;;;;;;;;;;;;;;;;;;;;;;;;;;;;;;;209494;;;;;;;;;;;;;;;;;;;;;;;;;;;;;;;;;;;;;;;;;;;;;;;;;;;;;;;;;;;;;;;;;;;;;;;;;;;
;9097;30-09-21;;;;;;;;3000000.000000000000000000000000;;;;;;;;;;;;;;;;;;;;;;;;;;;;;;;;;;;;;177920;;;;;;;;;;;;;;;;;;;;;;;;;;;;;;;;;;;;;;;;;;;;;;;;;;;;;;;;;;;;;;;;;;;;;;;;;;;
;9097;30-09-21;;;;;;;;2126980.890000000000000000000000;;;;;;;;;;;;;;;;;;;;;;;;;;;;;;;;;;;;;191048;;;;;;;;;;;;;;;;;;;;;;;;;;;;;;;;;;;;;;;;;;;;;;;;;;;;;;;;;;;;;;;;;;;;;;;;;;;
;9097;30-09-21;;;;;;;;3512446.870000000000000000000000;;;;;;;;;;;;;;;;;;;;;;;;;;;;;;;;;;;;;156181;;;;;;;;;;;;;;;;;;;;;;;;;;;;;;;;;;;;;;;;;;;;;;;;;;;;;;;;;;;;;;;;;;;;;;;;;;;
;9093;30-09-21;;;;;;;;2034172.750000000000000000000000;;;;;;;;;;;;;;;;;;;;;;;;;;;;;;;;;;;;;208500;;;;;;;;;;;;;;;;;;;;;;;;;;;;;;;;;;;;;;;;;;;;;;;;;;;;;;;;;;;;;;;;;;;;;;;;;;;
;9093;30-09-21;;;;;;;;661792.520000000000000000000000;;;;;;;;;;;;;;;;;;;;;;;;;;;;;;;;;;;;;180968;;;;;;;;;;;;;;;;;;;;;;;;;;;;;;;;;;;;;;;;;;;;;;;;;;;;;;;;;;;;;;;;;;;;;;;;;;;
;9093;30-09-21;;;;;;;;165448.130000000000000000000000;;;;;;;;;;;;;;;;;;;;;;;;;;;;;;;;;;;;;200000;;;;;;;;;;;;;;;;;;;;;;;;;;;;;;;;;;;;;;;;;;;;;;;;;;;;;;;;;;;;;;;;;;;;;;;;;;;
;9091;30-09-21;;;;;;;;2951525.860000000000000000000000;;;;;;;;;;;;;;;;;;;;;;;;;;;;;;;;;;;;;207263;;;;;;;;;;;;;;;;;;;;;;;;;;;;;;;;;;;;;;;;;;;;;;;;;;;;;;;;;;;;;;;;;;;;;;;;;;;
;9092;30-09-21;;;;;;;;2635747.270000000000000000000000;;;;;;;;;;;;;;;;;;;;;;;;;;;;;;;;;;;;;156664;;;;;;;;;;;;;;;;;;;;;;;;;;;;;;;;;;;;;;;;;;;;;;;;;;;;;;;;;;;;;;;;;;;;;;;;;;;
;9097;30-09-21;;;;;;;;500000.000000000000000000000000;;;;;;;;;;;;;;;;;;;;;;;;;;;;;;;;;;;;;180215;;;;;;;;;;;;;;;;;;;;;;;;;;;;;;;;;;;;;;;;;;;;;;;;;;;;;;;;;;;;;;;;;;;;;;;;;;;
;9092;30-09-21;;;;;;;;584500.000000000000000000000000;;;;;;;;;;;;;;;;;;;;;;;;;;;;;;;;;;;;;168891;;;;;;;;;;;;;;;;;;;;;;;;;;;;;;;;;;;;;;;;;;;;;;;;;;;;;;;;;;;;;;;;;;;;;;;;;;;
;9092;30-09-21;;;;;;;;500000.000000000000000000000000;;;;;;;;;;;;;;;;;;;;;;;;;;;;;;;;;;;;;203119;;;;;;;;;;;;;;;;;;;;;;;;;;;;;;;;;;;;;;;;;;;;;;;;;;;;;;;;;;;;;;;;;;;;;;;;;;;
;9093;30-09-21;;;;;;;;7000000.000000000000000000000000;;;;;;;;;;;;;;;;;;;;;;;;;;;;;;;;;;;;;212026;;;;;;;;;;;;;;;;;;;;;;;;;;;;;;;;;;;;;;;;;;;;;;;;;;;;;;;;;;;;;;;;;;;;;;;;;;;
;9091;30-09-21;;;;;;;;2000000.000000000000000000000000;;;;;;;;;;;;;;;;;;;;;;;;;;;;;;;;;;;;;215633;;;;;;;;;;;;;;;;;;;;;;;;;;;;;;;;;;;;;;;;;;;;;;;;;;;;;;;;;;;;;;;;;;;;;;;;;;;
;9093;30-09-21;;;;;;;;2284070.920000000000000000000000;;;;;;;;;;;;;;;;;;;;;;;;;;;;;;;;;;;;;146231;;;;;;;;;;;;;;;;;;;;;;;;;;;;;;;;;;;;;;;;;;;;;;;;;;;;;;;;;;;;;;;;;;;;;;;;;;;
;9093;30-09-21;;;;;;;;2312059.010000000000000000000000;;;;;;;;;;;;;;;;;;;;;;;;;;;;;;;;;;;;;137418;;;;;;;;;;;;;;;;;;;;;;;;;;;;;;;;;;;;;;;;;;;;;;;;;;;;;;;;;;;;;;;;;;;;;;;;;;;
;9093;30-09-21;;;;;;;;1107354.570000000000000000000000;;;;;;;;;;;;;;;;;;;;;;;;;;;;;;;;;;;;;151970;;;;;;;;;;;;;;;;;;;;;;;;;;;;;;;;;;;;;;;;;;;;;;;;;;;;;;;;;;;;;;;;;;;;;;;;;;;
;9093;30-09-21;;;;;;;;3514329.690000000000000000000000;;;;;;;;;;;;;;;;;;;;;;;;;;;;;;;;;;;;;157161;;;;;;;;;;;;;;;;;;;;;;;;;;;;;;;;;;;;;;;;;;;;;;;;;;;;;;;;;;;;;;;;;;;;;;;;;;;
;9093;30-09-21;;;;;;;;958409.300000000000000000000000;;;;;;;;;;;;;;;;;;;;;;;;;;;;;;;;;;;;;160528;;;;;;;;;;;;;;;;;;;;;;;;;;;;;;;;;;;;;;;;;;;;;;;;;;;;;;;;;;;;;;;;;;;;;;;;;;;
;9092;30-09-21;;;;;;;;30067.650000000000000000000000;;;;;;;;;;;;;;;;;;;;;;;;;;;;;;;;;;;;;209526;;;;;;;;;;;;;;;;;;;;;;;;;;;;;;;;;;;;;;;;;;;;;;;;;;;;;;;;;;;;;;;;;;;;;;;;;;;
;9092;30-09-21;;;;;;;;2889830.390000000000000000000000;;;;;;;;;;;;;;;;;;;;;;;;;;;;;;;;;;;;;185874;;;;;;;;;;;;;;;;;;;;;;;;;;;;;;;;;;;;;;;;;;;;;;;;;;;;;;;;;;;;;;;;;;;;;;;;;;;
;9092;30-09-21;;;;;;;;1953962.580000000000000000000000;;;;;;;;;;;;;;;;;;;;;;;;;;;;;;;;;;;;;203327;;;;;;;;;;;;;;;;;;;;;;;;;;;;;;;;;;;;;;;;;;;;;;;;;;;;;;;;;;;;;;;;;;;;;;;;;;;
;9092;30-09-21;;;;;;;;397187.400000000000000000000000;;;;;;;;;;;;;;;;;;;;;;;;;;;;;;;;;;;;;159909;;;;;;;;;;;;;;;;;;;;;;;;;;;;;;;;;;;;;;;;;;;;;;;;;;;;;;;;;;;;;;;;;;;;;;;;;;;
;9097;30-09-21;;;;;;;;333400.000000000000000000000000;;;;;;;;;;;;;;;;;;;;;;;;;;;;;;;;;;;;;183886;;;;;;;;;;;;;;;;;;;;;;;;;;;;;;;;;;;;;;;;;;;;;;;;;;;;;;;;;;;;;;;;;;;;;;;;;;;
;9092;30-09-21;;;;;;;;2500000.000000000000000000000000;;;;;;;;;;;;;;;;;;;;;;;;;;;;;;;;;;;;;134596;;;;;;;;;;;;;;;;;;;;;;;;;;;;;;;;;;;;;;;;;;;;;;;;;;;;;;;;;;;;;;;;;;;;;;;;;;;
;9097;30-09-21;;;;;;;;1000000.000000000000000000000000;;;;;;;;;;;;;;;;;;;;;;;;;;;;;;;;;;;;;169256;;;;;;;;;;;;;;;;;;;;;;;;;;;;;;;;;;;;;;;;;;;;;;;;;;;;;;;;;;;;;;;;;;;;;;;;;;;
;9091;30-09-21;;;;;;;;1000000.000000000000000000000000;;;;;;;;;;;;;;;;;;;;;;;;;;;;;;;;;;;;;157357;;;;;;;;;;;;;;;;;;;;;;;;;;;;;;;;;;;;;;;;;;;;;;;;;;;;;;;;;;;;;;;;;;;;;;;;;;;
;9092;30-09-21;;;;;;;;1738425.000000000000000000000000;;;;;;;;;;;;;;;;;;;;;;;;;;;;;;;;;;;;;215439;;;;;;;;;;;;;;;;;;;;;;;;;;;;;;;;;;;;;;;;;;;;;;;;;;;;;;;;;;;;;;;;;;;;;;;;;;;
;9092;30-09-21;;;;;;;;382453.500000000000000000000000;;;;;;;;;;;;;;;;;;;;;;;;;;;;;;;;;;;;;202738;;;;;;;;;;;;;;;;;;;;;;;;;;;;;;;;;;;;;;;;;;;;;;;;;;;;;;;;;;;;;;;;;;;;;;;;;;;
;9092;30-09-21;;;;;;;;1158950.000000000000000000000000;;;;;;;;;;;;;;;;;;;;;;;;;;;;;;;;;;;;;212863;;;;;;;;;;;;;;;;;;;;;;;;;;;;;;;;;;;;;;;;;;;;;;;;;;;;;;;;;;;;;;;;;;;;;;;;;;;
;9097;30-09-21;;;;;;;;1488219.880000000000000000000000;;;;;;;;;;;;;;;;;;;;;;;;;;;;;;;;;;;;;216097;;;;;;;;;;;;;;;;;;;;;;;;;;;;;;;;;;;;;;;;;;;;;;;;;;;;;;;;;;;;;;;;;;;;;;;;;;;
;9097;30-09-21;;;;;;;;1333400.000000000000000000000000;;;;;;;;;;;;;;;;;;;;;;;;;;;;;;;;;;;;;166626;;;;;;;;;;;;;;;;;;;;;;;;;;;;;;;;;;;;;;;;;;;;;;;;;;;;;;;;;;;;;;;;;;;;;;;;;;;
;9091;30-09-21;;;;;;;;9430468.360000000000000000000000;;;;;;;;;;;;;;;;;;;;;;;;;;;;;;;;;;;;;207444;;;;;;;;;;;;;;;;;;;;;;;;;;;;;;;;;;;;;;;;;;;;;;;;;;;;;;;;;;;;;;;;;;;;;;;;;;;
;9097;30-09-21;;;;;;;;5000000.000000000000000000000000;;;;;;;;;;;;;;;;;;;;;;;;;;;;;;;;;;;;;195006;;;;;;;;;;;;;;;;;;;;;;;;;;;;;;;;;;;;;;;;;;;;;;;;;;;;;;;;;;;;;;;;;;;;;;;;;;;
;9091;30-09-21;;;;;;;;5340256.770000000000000000000000;;;;;;;;;;;;;;;;;;;;;;;;;;;;;;;;;;;;;159928;;;;;;;;;;;;;;;;;;;;;;;;;;;;;;;;;;;;;;;;;;;;;;;;;;;;;;;;;;;;;;;;;;;;;;;;;;;
;9097;30-09-21;;;;;;;;8876515.150000000000000000000000;;;;;;;;;;;;;;;;;;;;;;;;;;;;;;;;;;;;;180273;;;;;;;;;;;;;;;;;;;;;;;;;;;;;;;;;;;;;;;;;;;;;;;;;;;;;;;;;;;;;;;;;;;;;;;;;;;
;9092;30-09-21;;;;;;;;2227750.370000000000000000000000;;;;;;;;;;;;;;;;;;;;;;;;;;;;;;;;;;;;;152232;;;;;;;;;;;;;;;;;;;;;;;;;;;;;;;;;;;;;;;;;;;;;;;;;;;;;;;;;;;;;;;;;;;;;;;;;;;
;9092;30-09-21;;;;;;;;1942004.250000000000000000000000;;;;;;;;;;;;;;;;;;;;;;;;;;;;;;;;;;;;;163383;;;;;;;;;;;;;;;;;;;;;;;;;;;;;;;;;;;;;;;;;;;;;;;;;;;;;;;;;;;;;;;;;;;;;;;;;;;
;9092;30-09-21;;;;;;;;3566628.340000000000000000000000;;;;;;;;;;;;;;;;;;;;;;;;;;;;;;;;;;;;;169206;;;;;;;;;;;;;;;;;;;;;;;;;;;;;;;;;;;;;;;;;;;;;;;;;;;;;;;;;;;;;;;;;;;;;;;;;;;
;9093;30-09-21;;;;;;;;5012404.330000000000000000000000;;;;;;;;;;;;;;;;;;;;;;;;;;;;;;;;;;;;;212927;;;;;;;;;;;;;;;;;;;;;;;;;;;;;;;;;;;;;;;;;;;;;;;;;;;;;;;;;;;;;;;;;;;;;;;;;;;
;9092;30-09-21;;;;;;;;4015783.500000000000000000000000;;;;;;;;;;;;;;;;;;;;;;;;;;;;;;;;;;;;;185872;;;;;;;;;;;;;;;;;;;;;;;;;;;;;;;;;;;;;;;;;;;;;;;;;;;;;;;;;;;;;;;;;;;;;;;;;;;
;9092;30-09-21;;;;;;;;1158950.000000000000000000000000;;;;;;;;;;;;;;;;;;;;;;;;;;;;;;;;;;;;;212239;;;;;;;;;;;;;;;;;;;;;;;;;;;;;;;;;;;;;;;;;;;;;;;;;;;;;;;;;;;;;;;;;;;;;;;;;;;
;9097;30-09-21;;;;;;;;2000000.000000000000000000000000;;;;;;;;;;;;;;;;;;;;;;;;;;;;;;;;;;;;;169372;;;;;;;;;;;;;;;;;;;;;;;;;;;;;;;;;;;;;;;;;;;;;;;;;;;;;;;;;;;;;;;;;;;;;;;;;;;
;9097;30-09-21;;;;;;;;1000000.000000000000000000000000;;;;;;;;;;;;;;;;;;;;;;;;;;;;;;;;;;;;;197190;;;;;;;;;;;;;;;;;;;;;;;;;;;;;;;;;;;;;;;;;;;;;;;;;;;;;;;;;;;;;;;;;;;;;;;;;;;
;9097;30-09-21;;;;;;;;1000000.000000000000000000000000;;;;;;;;;;;;;;;;;;;;;;;;;;;;;;;;;;;;;205669;;;;;;;;;;;;;;;;;;;;;;;;;;;;;;;;;;;;;;;;;;;;;;;;;;;;;;;;;;;;;;;;;;;;;;;;;;;
;9097;30-09-21;;;;;;;;2952089.220000000000000000000000;;;;;;;;;;;;;;;;;;;;;;;;;;;;;;;;;;;;;216100;;;;;;;;;;;;;;;;;;;;;;;;;;;;;;;;;;;;;;;;;;;;;;;;;;;;;;;;;;;;;;;;;;;;;;;;;;;
;9097;30-09-21;;;;;;;;200998.950000000000000000000000;;;;;;;;;;;;;;;;;;;;;;;;;;;;;;;;;;;;;159751;;;;;;;;;;;;;;;;;;;;;;;;;;;;;;;;;;;;;;;;;;;;;;;;;;;;;;;;;;;;;;;;;;;;;;;;;;;
;9091;30-09-21;;;;;;;;418153.730000000000000000000000;;;;;;;;;;;;;;;;;;;;;;;;;;;;;;;;;;;;;160218;;;;;;;;;;;;;;;;;;;;;;;;;;;;;;;;;;;;;;;;;;;;;;;;;;;;;;;;;;;;;;;;;;;;;;;;;;;
;9092;30-09-21;;;;;;;;3233303.440000000000000000000000;;;;;;;;;;;;;;;;;;;;;;;;;;;;;;;;;;;;;196631;;;;;;;;;;;;;;;;;;;;;;;;;;;;;;;;;;;;;;;;;;;;;;;;;;;;;;;;;;;;;;;;;;;;;;;;;;;
;9092;30-09-21;;;;;;;;934013.580000000000000000000000;;;;;;;;;;;;;;;;;;;;;;;;;;;;;;;;;;;;;154412;;;;;;;;;;;;;;;;;;;;;;;;;;;;;;;;;;;;;;;;;;;;;;;;;;;;;;;;;;;;;;;;;;;;;;;;;;;
;9092;30-09-21;;;;;;;;375000.000000000000000000000000;;;;;;;;;;;;;;;;;;;;;;;;;;;;;;;;;;;;;168888;;;;;;;;;;;;;;;;;;;;;;;;;;;;;;;;;;;;;;;;;;;;;;;;;;;;;;;;;;;;;;;;;;;;;;;;;;;
;9092;30-09-21;;;;;;;;375000.000000000000000000000000;;;;;;;;;;;;;;;;;;;;;;;;;;;;;;;;;;;;;168889;;;;;;;;;;;;;;;;;;;;;;;;;;;;;;;;;;;;;;;;;;;;;;;;;;;;;;;;;;;;;;;;;;;;;;;;;;;
;9092;30-09-21;;;;;;;;375000.000000000000000000000000;;;;;;;;;;;;;;;;;;;;;;;;;;;;;;;;;;;;;173904;;;;;;;;;;;;;;;;;;;;;;;;;;;;;;;;;;;;;;;;;;;;;;;;;;;;;;;;;;;;;;;;;;;;;;;;;;;
;9092;30-09-21;;;;;;;;900000.000000000000000000000000;;;;;;;;;;;;;;;;;;;;;;;;;;;;;;;;;;;;;185875;;;;;;;;;;;;;;;;;;;;;;;;;;;;;;;;;;;;;;;;;;;;;;;;;;;;;;;;;;;;;;;;;;;;;;;;;;;
;9092;30-09-21;;;;;;;;1200000.000000000000000000000000;;;;;;;;;;;;;;;;;;;;;;;;;;;;;;;;;;;;;189546;;;;;;;;;;;;;;;;;;;;;;;;;;;;;;;;;;;;;;;;;;;;;;;;;;;;;;;;;;;;;;;;;;;;;;;;;;;
;9092;30-09-21;;;;;;;;750000.000000000000000000000000;;;;;;;;;;;;;;;;;;;;;;;;;;;;;;;;;;;;;207862;;;;;;;;;;;;;;;;;;;;;;;;;;;;;;;;;;;;;;;;;;;;;;;;;;;;;;;;;;;;;;;;;;;;;;;;;;;
;9097;30-09-21;;;;;;;;10229868.590000000000000000000000;;;;;;;;;;;;;;;;;;;;;;;;;;;;;;;;;;;;;180253;;;;;;;;;;;;;;;;;;;;;;;;;;;;;;;;;;;;;;;;;;;;;;;;;;;;;;;;;;;;;;;;;;;;;;;;;;;
;9092;30-09-21;;;;;;;;1135748.280000000000000000000000;;;;;;;;;;;;;;;;;;;;;;;;;;;;;;;;;;;;;202248;;;;;;;;;;;;;;;;;;;;;;;;;;;;;;;;;;;;;;;;;;;;;;;;;;;;;;;;;;;;;;;;;;;;;;;;;;;
;9093;30-09-21;;;;;;;;2000000.000000000000000000000000;;;;;;;;;;;;;;;;;;;;;;;;;;;;;;;;;;;;;180288;;;;;;;;;;;;;;;;;;;;;;;;;;;;;;;;;;;;;;;;;;;;;;;;;;;;;;;;;;;;;;;;;;;;;;;;;;;
;9093;30-09-21;;;;;;;;2000000.000000000000000000000000;;;;;;;;;;;;;;;;;;;;;;;;;;;;;;;;;;;;;201136;;;;;;;;;;;;;;;;;;;;;;;;;;;;;;;;;;;;;;;;;;;;;;;;;;;;;;;;;;;;;;;;;;;;;;;;;;;
;9093;30-09-21;;;;;;;;2000000.000000000000000000000000;;;;;;;;;;;;;;;;;;;;;;;;;;;;;;;;;;;;;212492;;;;;;;;;;;;;;;;;;;;;;;;;;;;;;;;;;;;;;;;;;;;;;;;;;;;;;;;;;;;;;;;;;;;;;;;;;;
;9097;30-09-21;;;;;;;;579475.000000000000000000000000;;;;;;;;;;;;;;;;;;;;;;;;;;;;;;;;;;;;;158729;;;;;;;;;;;;;;;;;;;;;;;;;;;;;;;;;;;;;;;;;;;;;;;;;;;;;;;;;;;;;;;;;;;;;;;;;;;
;9097;30-09-21;;;;;;;;1158950.000000000000000000000000;;;;;;;;;;;;;;;;;;;;;;;;;;;;;;;;;;;;;192137;;;;;;;;;;;;;;;;;;;;;;;;;;;;;;;;;;;;;;;;;;;;;;;;;;;;;;;;;;;;;;;;;;;;;;;;;;;
;9097;30-09-21;;;;;;;;2317900.000000000000000000000000;;;;;;;;;;;;;;;;;;;;;;;;;;;;;;;;;;;;;201667;;;;;;;;;;;;;;;;;;;;;;;;;;;;;;;;;;;;;;;;;;;;;;;;;;;;;;;;;;;;;;;;;;;;;;;;;;;
;9097;30-09-21;;;;;;;;834444.000000000000000000000000;;;;;;;;;;;;;;;;;;;;;;;;;;;;;;;;;;;;;178730;;;;;;;;;;;;;;;;;;;;;;;;;;;;;;;;;;;;;;;;;;;;;;;;;;;;;;;;;;;;;;;;;;;;;;;;;;;
;9093;30-09-21;;;;;;;;2449175.820000000000000000000000;;;;;;;;;;;;;;;;;;;;;;;;;;;;;;;;;;;;;215029;;;;;;;;;;;;;;;;;;;;;;;;;;;;;;;;;;;;;;;;;;;;;;;;;;;;;;;;;;;;;;;;;;;;;;;;;;;
;9092;30-09-21;;;;;;;;992323.790000000000000000000000;;;;;;;;;;;;;;;;;;;;;;;;;;;;;;;;;;;;;207206;;;;;;;;;;;;;;;;;;;;;;;;;;;;;;;;;;;;;;;;;;;;;;;;;;;;;;;;;;;;;;;;;;;;;;;;;;;
;9093;30-09-21;;;;;;;;5000000.000000000000000000000000;;;;;;;;;;;;;;;;;;;;;;;;;;;;;;;;;;;;;201134;;;;;;;;;;;;;;;;;;;;;;;;;;;;;;;;;;;;;;;;;;;;;;;;;;;;;;;;;;;;;;;;;;;;;;;;;;;
;9093;30-09-21;;;;;;;;3000000.000000000000000000000000;;;;;;;;;;;;;;;;;;;;;;;;;;;;;;;;;;;;;180287;;;;;;;;;;;;;;;;;;;;;;;;;;;;;;;;;;;;;;;;;;;;;;;;;;;;;;;;;;;;;;;;;;;;;;;;;;;
;9091;30-09-21;;;;;;;;2155535.630000000000000000000000;;;;;;;;;;;;;;;;;;;;;;;;;;;;;;;;;;;;;213057;;;;;;;;;;;;;;;;;;;;;;;;;;;;;;;;;;;;;;;;;;;;;;;;;;;;;;;;;;;;;;;;;;;;;;;;;;;
;9091;30-09-21;;;;;;;;1000000.020000000000000000000000;;;;;;;;;;;;;;;;;;;;;;;;;;;;;;;;;;;;;168892;;;;;;;;;;;;;;;;;;;;;;;;;;;;;;;;;;;;;;;;;;;;;;;;;;;;;;;;;;;;;;;;;;;;;;;;;;;
;9091;30-09-21;;;;;;;;2400000.000000000000000000000000;;;;;;;;;;;;;;;;;;;;;;;;;;;;;;;;;;;;;186663;;;;;;;;;;;;;;;;;;;;;;;;;;;;;;;;;;;;;;;;;;;;;;;;;;;;;;;;;;;;;;;;;;;;;;;;;;;
;9097;30-09-21;;;;;;;;386316.280000000000000000000000;;;;;;;;;;;;;;;;;;;;;;;;;;;;;;;;;;;;;174266;;;;;;;;;;;;;;;;;;;;;;;;;;;;;;;;;;;;;;;;;;;;;;;;;;;;;;;;;;;;;;;;;;;;;;;;;;;
;9093;30-09-21;;;;;;;;2639274.720000000000000000000000;;;;;;;;;;;;;;;;;;;;;;;;;;;;;;;;;;;;;180286;;;;;;;;;;;;;;;;;;;;;;;;;;;;;;;;;;;;;;;;;;;;;;;;;;;;;;;;;;;;;;;;;;;;;;;;;;;
;9093;30-09-21;;;;;;;;7047733.590000000000000000000000;;;;;;;;;;;;;;;;;;;;;;;;;;;;;;;;;;;;;202587;;;;;;;;;;;;;;;;;;;;;;;;;;;;;;;;;;;;;;;;;;;;;;;;;;;;;;;;;;;;;;;;;;;;;;;;;;;
;9093;30-09-21;;;;;;;;2500000.000000000000000000000000;;;;;;;;;;;;;;;;;;;;;;;;;;;;;;;;;;;;;208501;;;;;;;;;;;;;;;;;;;;;;;;;;;;;;;;;;;;;;;;;;;;;;;;;;;;;;;;;;;;;;;;;;;;;;;;;;;
;9093;30-09-21;;;;;;;;7500000.000000000000000000000000;;;;;;;;;;;;;;;;;;;;;;;;;;;;;;;;;;;;;215030;;;;;;;;;;;;;;;;;;;;;;;;;;;;;;;;;;;;;;;;;;;;;;;;;;;;;;;;;;;;;;;;;;;;;;;;;;;
;9093;30-09-21;;;;;;;;1680540.370000000000000000000000;;;;;;;;;;;;;;;;;;;;;;;;;;;;;;;;;;;;;160527;;;;;;;;;;;;;;;;;;;;;;;;;;;;;;;;;;;;;;;;;;;;;;;;;;;;;;;;;;;;;;;;;;;;;;;;;;;
;9093;30-09-21;;;;;;;;4724513.800000000000000000000000;;;;;;;;;;;;;;;;;;;;;;;;;;;;;;;;;;;;;180291;;;;;;;;;;;;;;;;;;;;;;;;;;;;;;;;;;;;;;;;;;;;;;;;;;;;;;;;;;;;;;;;;;;;;;;;;;;
;9093;30-09-21;;;;;;;;2963861.490000000000000000000000;;;;;;;;;;;;;;;;;;;;;;;;;;;;;;;;;;;;;215631;;;;;;;;;;;;;;;;;;;;;;;;;;;;;;;;;;;;;;;;;;;;;;;;;;;;;;;;;;;;;;;;;;;;;;;;;;;
;9093;30-09-21;;;;;;;;1500000.000000000000000000000000;;;;;;;;;;;;;;;;;;;;;;;;;;;;;;;;;;;;;215608;;;;;;;;;;;;;;;;;;;;;;;;;;;;;;;;;;;;;;;;;;;;;;;;;;;;;;;;;;;;;;;;;;;;;;;;;;;
;9093;30-09-21;;;;;;;;500000.000000000000000000000000;;;;;;;;;;;;;;;;;;;;;;;;;;;;;;;;;;;;;160065;;;;;;;;;;;;;;;;;;;;;;;;;;;;;;;;;;;;;;;;;;;;;;;;;;;;;;;;;;;;;;;;;;;;;;;;;;;
;9093;30-09-21;;;;;;;;2000000.000000000000000000000000;;;;;;;;;;;;;;;;;;;;;;;;;;;;;;;;;;;;;181060;;;;;;;;;;;;;;;;;;;;;;;;;;;;;;;;;;;;;;;;;;;;;;;;;;;;;;;;;;;;;;;;;;;;;;;;;;;
;9093;30-09-21;;;;;;;;2296068.050000000000000000000000;;;;;;;;;;;;;;;;;;;;;;;;;;;;;;;;;;;;;191501;;;;;;;;;;;;;;;;;;;;;;;;;;;;;;;;;;;;;;;;;;;;;;;;;;;;;;;;;;;;;;;;;;;;;;;;;;;
;9093;30-09-21;;;;;;;;5801804.540000000000000000000000;;;;;;;;;;;;;;;;;;;;;;;;;;;;;;;;;;;;;208152;;;;;;;;;;;;;;;;;;;;;;;;;;;;;;;;;;;;;;;;;;;;;;;;;;;;;;;;;;;;;;;;;;;;;;;;;;;
;9093;30-09-21;;;;;;;;2000000.000000000000000000000000;;;;;;;;;;;;;;;;;;;;;;;;;;;;;;;;;;;;;212238;;;;;;;;;;;;;;;;;;;;;;;;;;;;;;;;;;;;;;;;;;;;;;;;;;;;;;;;;;;;;;;;;;;;;;;;;;;
;9097;30-09-21;;;;;;;;5160203.820000000000000000000000;;;;;;;;;;;;;;;;;;;;;;;;;;;;;;;;;;;;;183888;;;;;;;;;;;;;;;;;;;;;;;;;;;;;;;;;;;;;;;;;;;;;;;;;;;;;;;;;;;;;;;;;;;;;;;;;;;
;9091;30-09-21;;;;;;;;1495513.700000000000000000000000;;;;;;;;;;;;;;;;;;;;;;;;;;;;;;;;;;;;;207221;;;;;;;;;;;;;;;;;;;;;;;;;;;;;;;;;;;;;;;;;;;;;;;;;;;;;;;;;;;;;;;;;;;;;;;;;;;
;9092;30-09-21;;;;;;;;5005152.730000000000000000000000;;;;;;;;;;;;;;;;;;;;;;;;;;;;;;;;;;;;;185879;;;;;;;;;;;;;;;;;;;;;;;;;;;;;;;;;;;;;;;;;;;;;;;;;;;;;;;;;;;;;;;;;;;;;;;;;;;
;9093;30-09-21;;;;;;;;250000.000000000000000000000000;;;;;;;;;;;;;;;;;;;;;;;;;;;;;;;;;;;;;197205;;;;;;;;;;;;;;;;;;;;;;;;;;;;;;;;;;;;;;;;;;;;;;;;;;;;;;;;;;;;;;;;;;;;;;;;;;;
;9093;30-09-21;;;;;;;;500000.000000000000000000000000;;;;;;;;;;;;;;;;;;;;;;;;;;;;;;;;;;;;;212434;;;;;;;;;;;;;;;;;;;;;;;;;;;;;;;;;;;;;;;;;;;;;;;;;;;;;;;;;;;;;;;;;;;;;;;;;;;
;9097;30-09-21;;;;;;;;430228.530000000000000000000000;;;;;;;;;;;;;;;;;;;;;;;;;;;;;;;;;;;;;201460;;;;;;;;;;;;;;;;;;;;;;;;;;;;;;;;;;;;;;;;;;;;;;;;;;;;;;;;;;;;;;;;;;;;;;;;;;;
;9091;30-09-21;;;;;;;;1549429.430000000000000000000000;;;;;;;;;;;;;;;;;;;;;;;;;;;;;;;;;;;;;207443;;;;;;;;;;;;;;;;;;;;;;;;;;;;;;;;;;;;;;;;;;;;;;;;;;;;;;;;;;;;;;;;;;;;;;;;;;;
;9097;30-09-21;;;;;;;;1158950.000000000000000000000000;;;;;;;;;;;;;;;;;;;;;;;;;;;;;;;;;;;;;203121;;;;;;;;;;;;;;;;;;;;;;;;;;;;;;;;;;;;;;;;;;;;;;;;;;;;;;;;;;;;;;;;;;;;;;;;;;;
;9097;30-09-21;;;;;;;;2000000.000000000000000000000000;;;;;;;;;;;;;;;;;;;;;;;;;;;;;;;;;;;;;209949;;;;;;;;;;;;;;;;;;;;;;;;;;;;;;;;;;;;;;;;;;;;;;;;;;;;;;;;;;;;;;;;;;;;;;;;;;;
;9093;30-09-21;;;;;;;;1158950.000000000000000000000000;;;;;;;;;;;;;;;;;;;;;;;;;;;;;;;;;;;;;199997;;;;;;;;;;;;;;;;;;;;;;;;;;;;;;;;;;;;;;;;;;;;;;;;;;;;;;;;;;;;;;;;;;;;;;;;;;;
;9097;30-09-21;;;;;;;;5000000.000000000000000000000000;;;;;;;;;;;;;;;;;;;;;;;;;;;;;;;;;;;;;159750;;;;;;;;;;;;;;;;;;;;;;;;;;;;;;;;;;;;;;;;;;;;;;;;;;;;;;;;;;;;;;;;;;;;;;;;;;;
;9091;30-09-21;;;;;;;;680000.000000000000000000000000;;;;;;;;;;;;;;;;;;;;;;;;;;;;;;;;;;;;;154640;;;;;;;;;;;;;;;;;;;;;;;;;;;;;;;;;;;;;;;;;;;;;;;;;;;;;;;;;;;;;;;;;;;;;;;;;;;
;9092;30-09-21;;;;;;;;3200000.000000000000000000000000;;;;;;;;;;;;;;;;;;;;;;;;;;;;;;;;;;;;;160377;;;;;;;;;;;;;;;;;;;;;;;;;;;;;;;;;;;;;;;;;;;;;;;;;;;;;;;;;;;;;;;;;;;;;;;;;;;
;9092;30-09-21;;;;;;;;7072851.270000000000000000000000;;;;;;;;;;;;;;;;;;;;;;;;;;;;;;;;;;;;;163417;;;;;;;;;;;;;;;;;;;;;;;;;;;;;;;;;;;;;;;;;;;;;;;;;;;;;;;;;;;;;;;;;;;;;;;;;;;
;9091;30-09-21;;;;;;;;2500000.000000000000000000000000;;;;;;;;;;;;;;;;;;;;;;;;;;;;;;;;;;;;;208511;;;;;;;;;;;;;;;;;;;;;;;;;;;;;;;;;;;;;;;;;;;;;;;;;;;;;;;;;;;;;;;;;;;;;;;;;;;
;9092;30-09-21;;;;;;;;3693757.960000000000000000000000;;;;;;;;;;;;;;;;;;;;;;;;;;;;;;;;;;;;;186057;;;;;;;;;;;;;;;;;;;;;;;;;;;;;;;;;;;;;;;;;;;;;;;;;;;;;;;;;;;;;;;;;;;;;;;;;;;
;9092;30-09-21;;;;;;;;2093656.050000000000000000000000;;;;;;;;;;;;;;;;;;;;;;;;;;;;;;;;;;;;;194574;;;;;;;;;;;;;;;;;;;;;;;;;;;;;;;;;;;;;;;;;;;;;;;;;;;;;;;;;;;;;;;;;;;;;;;;;;;
;9091;30-09-21;;;;;;;;2694419.530000000000000000000000;;;;;;;;;;;;;;;;;;;;;;;;;;;;;;;;;;;;;190657;;;;;;;;;;;;;;;;;;;;;;;;;;;;;;;;;;;;;;;;;;;;;;;;;;;;;;;;;;;;;;;;;;;;;;;;;;;
;9097;30-09-21;;;;;;;;5000000.000000000000000000000000;;;;;;;;;;;;;;;;;;;;;;;;;;;;;;;;;;;;;211936;;;;;;;;;;;;;;;;;;;;;;;;;;;;;;;;;;;;;;;;;;;;;;;;;;;;;;;;;;;;;;;;;;;;;;;;;;;
;9092;30-09-21;;;;;;;;4000000.000000000000000000000000;;;;;;;;;;;;;;;;;;;;;;;;;;;;;;;;;;;;;215430;;;;;;;;;;;;;;;;;;;;;;;;;;;;;;;;;;;;;;;;;;;;;;;;;;;;;;;;;;;;;;;;;;;;;;;;;;;
;9092;30-09-21;;;;;;;;738053.700000000000000000000000;;;;;;;;;;;;;;;;;;;;;;;;;;;;;;;;;;;;;159673;;;;;;;;;;;;;;;;;;;;;;;;;;;;;;;;;;;;;;;;;;;;;;;;;;;;;;;;;;;;;;;;;;;;;;;;;;;
;9092;30-09-21;;;;;;;;5670961.340000000000000000000000;;;;;;;;;;;;;;;;;;;;;;;;;;;;;;;;;;;;;168970;;;;;;;;;;;;;;;;;;;;;;;;;;;;;;;;;;;;;;;;;;;;;;;;;;;;;;;;;;;;;;;;;;;;;;;;;;;
;9091;30-09-21;;;;;;;;3000000.000000000000000000000000;;;;;;;;;;;;;;;;;;;;;;;;;;;;;;;;;;;;;207100;;;;;;;;;;;;;;;;;;;;;;;;;;;;;;;;;;;;;;;;;;;;;;;;;;;;;;;;;;;;;;;;;;;;;;;;;;;
;9097;30-09-21;;;;;;;;2015388.530000000000000000000000;;;;;;;;;;;;;;;;;;;;;;;;;;;;;;;;;;;;;195973;;;;;;;;;;;;;;;;;;;;;;;;;;;;;;;;;;;;;;;;;;;;;;;;;;;;;;;;;;;;;;;;;;;;;;;;;;;
;9093;30-09-21;;;;;;;;5794750.000000000000000000000000;;;;;;;;;;;;;;;;;;;;;;;;;;;;;;;;;;;;;215893;;;;;;;;;;;;;;;;;;;;;;;;;;;;;;;;;;;;;;;;;;;;;;;;;;;;;;;;;;;;;;;;;;;;;;;;;;;
;9092;30-09-21;;;;;;;;750000.000000000000000000000000;;;;;;;;;;;;;;;;;;;;;;;;;;;;;;;;;;;;;200618;;;;;;;;;;;;;;;;;;;;;;;;;;;;;;;;;;;;;;;;;;;;;;;;;;;;;;;;;;;;;;;;;;;;;;;;;;;
;9097;30-09-21;;;;;;;;12124887.900000000000000000000000;;;;;;;;;;;;;;;;;;;;;;;;;;;;;;;;;;;;;203132;;;;;;;;;;;;;;;;;;;;;;;;;;;;;;;;;;;;;;;;;;;;;;;;;;;;;;;;;;;;;;;;;;;;;;;;;;;
;9091;30-09-21;;;;;;;;2694419.530000000000000000000000;;;;;;;;;;;;;;;;;;;;;;;;;;;;;;;;;;;;;190665;;;;;;;;;;;;;;;;;;;;;;;;;;;;;;;;;;;;;;;;;;;;;;;;;;;;;;;;;;;;;;;;;;;;;;;;;;;
;9097;30-09-21;;;;;;;;2006306.240000000000000000000000;;;;;;;;;;;;;;;;;;;;;;;;;;;;;;;;;;;;;208146;;;;;;;;;;;;;;;;;;;;;;;;;;;;;;;;;;;;;;;;;;;;;;;;;;;;;;;;;;;;;;;;;;;;;;;;;;;
;9093;30-09-21;;;;;;;;2319707.910000000000000000000000;;;;;;;;;;;;;;;;;;;;;;;;;;;;;;;;;;;;;190615;;;;;;;;;;;;;;;;;;;;;;;;;;;;;;;;;;;;;;;;;;;;;;;;;;;;;;;;;;;;;;;;;;;;;;;;;;;
;9093;30-09-21;;;;;;;;5000000.000000000000000000000000;;;;;;;;;;;;;;;;;;;;;;;;;;;;;;;;;;;;;216595;;;;;;;;;;;;;;;;;;;;;;;;;;;;;;;;;;;;;;;;;;;;;;;;;;;;;;;;;;;;;;;;;;;;;;;;;;;
;9093;30-09-21;;;;;;;;10000000.000000000000000000000000;;;;;;;;;;;;;;;;;;;;;;;;;;;;;;;;;;;;;197207;;;;;;;;;;;;;;;;;;;;;;;;;;;;;;;;;;;;;;;;;;;;;;;;;;;;;;;;;;;;;;;;;;;;;;;;;;;
;9097;30-09-21;;;;;;;;5000000.000000000000000000000000;;;;;;;;;;;;;;;;;;;;;;;;;;;;;;;;;;;;;216191;;;;;;;;;;;;;;;;;;;;;;;;;;;;;;;;;;;;;;;;;;;;;;;;;;;;;;;;;;;;;;;;;;;;;;;;;;;
;9092;30-09-21;;;;;;;;1086424.360000000000000000000000;;;;;;;;;;;;;;;;;;;;;;;;;;;;;;;;;;;;;147335;;;;;;;;;;;;;;;;;;;;;;;;;;;;;;;;;;;;;;;;;;;;;;;;;;;;;;;;;;;;;;;;;;;;;;;;;;;
;9092;30-09-21;;;;;;;;1338560.490000000000000000000000;;;;;;;;;;;;;;;;;;;;;;;;;;;;;;;;;;;;;156381;;;;;;;;;;;;;;;;;;;;;;;;;;;;;;;;;;;;;;;;;;;;;;;;;;;;;;;;;;;;;;;;;;;;;;;;;;;
;9091;30-09-21;;;;;;;;1380890.010000000000000000000000;;;;;;;;;;;;;;;;;;;;;;;;;;;;;;;;;;;;;159956;;;;;;;;;;;;;;;;;;;;;;;;;;;;;;;;;;;;;;;;;;;;;;;;;;;;;;;;;;;;;;;;;;;;;;;;;;;
;9091;30-09-21;;;;;;;;2896501.000000000000000000000000;;;;;;;;;;;;;;;;;;;;;;;;;;;;;;;;;;;;;203122;;;;;;;;;;;;;;;;;;;;;;;;;;;;;;;;;;;;;;;;;;;;;;;;;;;;;;;;;;;;;;;;;;;;;;;;;;;
;9091;30-09-21;;;;;;;;4378431.740000000000000000000000;;;;;;;;;;;;;;;;;;;;;;;;;;;;;;;;;;;;;203137;;;;;;;;;;;;;;;;;;;;;;;;;;;;;;;;;;;;;;;;;;;;;;;;;;;;;;;;;;;;;;;;;;;;;;;;;;;
;9091;30-09-21;;;;;;;;4715234.180000000000000000000000;;;;;;;;;;;;;;;;;;;;;;;;;;;;;;;;;;;;;207491;;;;;;;;;;;;;;;;;;;;;;;;;;;;;;;;;;;;;;;;;;;;;;;;;;;;;;;;;;;;;;;;;;;;;;;;;;;
;9093;30-09-21;;;;;;;;456563.710000000000000000000000;;;;;;;;;;;;;;;;;;;;;;;;;;;;;;;;;;;;;180289;;;;;;;;;;;;;;;;;;;;;;;;;;;;;;;;;;;;;;;;;;;;;;;;;;;;;;;;;;;;;;;;;;;;;;;;;;;
;9097;30-09-21;;;;;;;;2829140.510000000000000000000000;;;;;;;;;;;;;;;;;;;;;;;;;;;;;;;;;;;;;163690;;;;;;;;;;;;;;;;;;;;;;;;;;;;;;;;;;;;;;;;;;;;;;;;;;;;;;;;;;;;;;;;;;;;;;;;;;;
;9097;30-09-21;;;;;;;;10000000.000000000000000000000000;;;;;;;;;;;;;;;;;;;;;;;;;;;;;;;;;;;;;194461;;;;;;;;;;;;;;;;;;;;;;;;;;;;;;;;;;;;;;;;;;;;;;;;;;;;;;;;;;;;;;;;;;;;;;;;;;;
;9097;30-09-21;;;;;;;;5408230.510000000000000000000000;;;;;;;;;;;;;;;;;;;;;;;;;;;;;;;;;;;;;169371;;;;;;;;;;;;;;;;;;;;;;;;;;;;;;;;;;;;;;;;;;;;;;;;;;;;;;;;;;;;;;;;;;;;;;;;;;;
;9091;30-09-21;;;;;;;;2896501.000000000000000000000000;;;;;;;;;;;;;;;;;;;;;;;;;;;;;;;;;;;;;200862;;;;;;;;;;;;;;;;;;;;;;;;;;;;;;;;;;;;;;;;;;;;;;;;;;;;;;;;;;;;;;;;;;;;;;;;;;;
;9093;30-09-21;;;;;;;;2318750.000000000000000000000000;;;;;;;;;;;;;;;;;;;;;;;;;;;;;;;;;;;;;190664;;;;;;;;;;;;;;;;;;;;;;;;;;;;;;;;;;;;;;;;;;;;;;;;;;;;;;;;;;;;;;;;;;;;;;;;;;;
;9093;30-09-21;;;;;;;;875000.000000000000000000000000;;;;;;;;;;;;;;;;;;;;;;;;;;;;;;;;;;;;;197357;;;;;;;;;;;;;;;;;;;;;;;;;;;;;;;;;;;;;;;;;;;;;;;;;;;;;;;;;;;;;;;;;;;;;;;;;;;
;9097;30-09-21;;;;;;;;1500000.000000000000000000000000;;;;;;;;;;;;;;;;;;;;;;;;;;;;;;;;;;;;;160677;;;;;;;;;;;;;;;;;;;;;;;;;;;;;;;;;;;;;;;;;;;;;;;;;;;;;;;;;;;;;;;;;;;;;;;;;;;
;9097;30-09-21;;;;;;;;2000000.000000000000000000000000;;;;;;;;;;;;;;;;;;;;;;;;;;;;;;;;;;;;;201792;;;;;;;;;;;;;;;;;;;;;;;;;;;;;;;;;;;;;;;;;;;;;;;;;;;;;;;;;;;;;;;;;;;;;;;;;;;
;9097;30-09-21;;;;;;;;1360485.090000000000000000000000;;;;;;;;;;;;;;;;;;;;;;;;;;;;;;;;;;;;;196628;;;;;;;;;;;;;;;;;;;;;;;;;;;;;;;;;;;;;;;;;;;;;;;;;;;;;;;;;;;;;;;;;;;;;;;;;;;
;9097;30-09-21;;;;;;;;4893856.550000000000000000000000;;;;;;;;;;;;;;;;;;;;;;;;;;;;;;;;;;;;;160417;;;;;;;;;;;;;;;;;;;;;;;;;;;;;;;;;;;;;;;;;;;;;;;;;;;;;;;;;;;;;;;;;;;;;;;;;;;
;9097;30-09-21;;;;;;;;2475799.830000000000000000000000;;;;;;;;;;;;;;;;;;;;;;;;;;;;;;;;;;;;;164565;;;;;;;;;;;;;;;;;;;;;;;;;;;;;;;;;;;;;;;;;;;;;;;;;;;;;;;;;;;;;;;;;;;;;;;;;;;
