"ID_MFI";"MFI_NAME";"COUNTRY_FK";"MFI_INTERNAL_RATING";"MFI_EXTERNAL_RATING";"CREATION_DATE";"CREATED_BY";"MODIFICATION_DATE";"MODIFIED_BY"
4748;"AB MF Bank Nigeria";6153;;;10-2-2020 00:00:00;"guillaume.marois";10-2-2020 00:00:00;"guillaume.marois"
4750;"Abaco ";6158;;;8-10-2018 17:21:26;"guillaume.marois";;
4751;"ABC Leasing";6146;;;8-10-2018 17:21:26;"guillaume.marois";;
4752;"ACBA Credit Agricole Bank CJSC";6108;;;8-10-2018 17:21:26;"guillaume.marois";;
4753;"ACBA Leasing";6108;;;8-10-2018 17:21:26;"guillaume.marois";;
4754;"Acceso Crediticio";6158;;;8-10-2018 17:21:26;"guillaume.marois";;
4755;"Access Bank Tanzania Ltd";6170;;;8-10-2018 17:21:26;"guillaume.marois";;
4756;"AccessBank Closed Joint Stock Company";6109;;;8-10-2018 17:21:26;"guillaume.marois";;
4757;"AccessBank Liberia";6143;;;8-10-2018 17:21:26;"guillaume.marois";;
4758;"AccessBank Tajikistan";6169;;;8-10-2018 17:21:26;"guillaume.marois";;
4759;"ACEP Cameroun";6119;;;8-10-2018 17:21:26;"guillaume.marois";;
4760;"Acleda Bank";6118;;;8-10-2018 17:21:26;"guillaume.marois";;
4761;"ACME";6132;;;8-10-2018 17:21:26;"guillaume.marois";;
4762;"Active Leasing SA de CV";6146;;;8-10-2018 17:21:26;"guillaume.marois";;
4763;"Advans";6179;;;8-10-2018 17:21:26;"guillaume.marois";;
4764;"Advans Banque Congo";6125;;;8-10-2018 17:21:26;"guillaume.marois";;
4765;"Advans Cameroun";6119;;;8-10-2018 17:21:26;"guillaume.marois";;
4766;"Advans Cote D ivoire";6136;"";"";8-10-2018 17:21:26;"guillaume.marois";6-12-2019 10:27:23;"guillaume.marois"
4767;"Advans Ghana";6130;;;8-10-2018 17:21:26;"guillaume.marois";;
4768;"Advans Tunisie";6172;;;8-10-2018 17:21:26;"guillaume.marois";;
4769;"AFK";6140;;;8-10-2018 17:21:26;"guillaume.marois";;
4770;"Agroinvest";6109;;;8-10-2018 17:21:26;"guillaume.marois";;
4771;"AgroInvest Serbia";6165;;;8-10-2018 17:21:26;"guillaume.marois";;
4772;"Aiyl";6141;;;8-10-2018 17:21:26;"guillaume.marois";;
4773;"Al Majmoua";6142;;;8-10-2018 17:21:26;"guillaume.marois";;
4774;"Alsol Contigo SA de CV, SOFOM ENR";6146;;;8-10-2018 17:21:26;"guillaume.marois";;
4775;"Alternativa del Sur";6146;;;8-10-2018 17:21:26;"guillaume.marois";;
4776;"AMC de R.L. de C.V.";6128;;;8-10-2018 17:21:26;"guillaume.marois";;
4777;"Ameriabank ";6108;;;8-10-2018 17:21:26;"guillaume.marois";;
4778;"Amret Co Limited";6118;;;8-10-2018 17:21:26;"guillaume.marois";;
4779;"Angkor Mikroheranhvatho Kampuchea Co.,Ltd";6118;;;8-10-2018 17:21:26;"guillaume.marois";;
4780;"Annapurna Microfinance Private Limited";6134;;;8-10-2018 17:21:26;"guillaume.marois";;
4781;"Apoyo Integral";6128;;;8-10-2018 17:21:26;"guillaume.marois";;
4782;"Araratbank";6108;;;8-10-2018 17:21:26;"guillaume.marois";;
4783;"Armeconombank";6108;;;8-10-2018 17:21:26;"guillaume.marois";;
4784;"Arohan Financial Services Ltd";6134;;;8-10-2018 17:21:26;"guillaume.marois";;
4785;"Arrend";6131;;;8-10-2018 17:21:26;"guillaume.marois";;
4786;"Arrendamas";6146;;;8-10-2018 17:21:26;"guillaume.marois";;
4787;"Artsakh";6108;;;8-10-2018 17:21:26;"guillaume.marois";;
4788;"ASA India";6134;;;8-10-2018 17:21:26;"guillaume.marois";;
4789;"ASA International Holding";6200;;;8-10-2018 17:21:26;"guillaume.marois";;
4790;"ASA Pakistan ";6154;;;8-10-2018 17:21:26;"guillaume.marois";;
4791;"Asian Credit Fund";6138;;;8-10-2018 17:21:26;"guillaume.marois";;
4792;"Asirvad Microfinance Pvt Ltd";6134;;;8-10-2018 17:21:26;"guillaume.marois";;
4793;"Aye Finance ";6134;;;8-10-2018 17:21:26;"guillaume.marois";;
4794;"Azercredit";6109;;;8-10-2018 17:21:26;"guillaume.marois";;
4795;"Azerdemiryolbank";6109;;;8-10-2018 17:21:26;"guillaume.marois";;
4796;"BancABC Holding Botswana";6115;;;8-10-2018 17:21:26;"guillaume.marois";;
4797;"Banco Agropecuario";6158;;;8-10-2018 17:21:26;"guillaume.marois";;
4798;"Banco Amazonas";6126;;;8-10-2018 17:21:26;"guillaume.marois";;
4799;"Banco Atlantida";6128;;;8-10-2018 17:21:26;"guillaume.marois";;
4800;"Banco Avanz (Ex Banco Procredit Nicaragua)";6152;;;8-10-2018 17:21:26;"guillaume.marois";;
4801;"Banco Cathay";6123;;;8-10-2018 17:21:26;"guillaume.marois";;
4802;"Banco Compartamos";6146;;;8-10-2018 17:21:26;"guillaume.marois";;
4803;"Banco Continental";6157;;;8-10-2018 17:21:26;"guillaume.marois";;
4804;"Banco Cuscatclan";6128;;;8-10-2018 17:21:26;"guillaume.marois";;
4805;"Banco de Finanzas";6152;;;8-10-2018 17:21:26;"guillaume.marois";;
4806;"Banco de Fomento Agropecuario";6128;;;8-10-2018 17:21:26;"guillaume.marois";;
4807;"Banco Delta";6156;;;8-10-2018 17:21:26;"guillaume.marois";;
4808;"Banco D-Miro S.A.";6126;;;8-10-2018 17:21:26;"guillaume.marois";;
4809;"Banco Familiar";6157;;;8-10-2018 17:21:26;"guillaume.marois";;
4810;"Banco FICOHSA Nicaragua S.A.";6152;;;8-10-2018 17:21:26;"guillaume.marois";;
4811;"Banco FIE";6113;"";;8-10-2018 17:21:26;"guillaume.marois";12-4-2018 18:54:37;"guillaume.marois"
4812;"Banco Financiera Comercial Hondurena S.A. y Subisidiaria FICOHSA";6133;;;8-10-2018 17:21:26;"guillaume.marois";;
4813;"Banco G&T Continental El Salvador";6128;;;8-10-2018 17:21:26;"guillaume.marois";;
4814;"Banco Hipotecario";6128;;;8-10-2018 17:21:26;"guillaume.marois";;
4815;"Banco Improsa";6123;;;8-10-2018 17:21:26;"guillaume.marois";;
4816;"Banco Internacional";6126;;;8-10-2018 17:21:26;"guillaume.marois";;
4817;"Banco Multiple Promerica de  la Republica Domincana S.A.";6124;;;8-10-2018 17:21:26;"guillaume.marois";;
4818;"Banco Pichincha Colombia";6122;;;8-10-2018 17:21:26;"guillaume.marois";;
4819;"Banco Pichincha Ecuador";6126;;;8-10-2018 17:21:26;"guillaume.marois";;
4820;"Banco Popular";6133;;;8-10-2018 17:21:26;"guillaume.marois";;
4821;"Banco Procredit Ecuador";6126;;;8-10-2018 17:21:26;"guillaume.marois";;
4822;"Banco Procredit El Salvador";6128;;;8-10-2018 17:21:26;"guillaume.marois";;
4823;"Banco Promerica Costa Rica";6123;;;8-10-2018 17:21:26;"guillaume.marois";;
4824;"Banco Promerica de Guatemala";6131;;;8-10-2018 17:21:26;"guillaume.marois";;
4825;"Banco Promerica El Salvador";6128;;;8-10-2018 17:21:26;"guillaume.marois";;
4826;"Banco Promerica Honduras";6133;;;8-10-2018 17:21:26;"guillaume.marois";;
4827;"Banco Regional";6157;;;8-10-2018 17:21:26;"guillaume.marois";;
4828;"Banco Sol";6113;;;8-10-2018 17:21:26;"guillaume.marois";;
4829;"Banco Solidario";6126;;;8-10-2018 17:21:26;"guillaume.marois";;
4830;"Bancop";6157;;;8-10-2018 17:21:26;"guillaume.marois";;
4831;"Bancore";6113;;;8-10-2018 17:21:26;"guillaume.marois";;
4832;"BANEX (Findesa)";6152;;;8-10-2018 17:21:26;"guillaume.marois";;
4833;"Bank Andara";6135;;;8-10-2018 17:21:26;"guillaume.marois";;
4834;"Bank Bakai";6141;;;8-10-2018 17:21:26;"guillaume.marois";;
4835;"Bank Constanta";6129;;;8-10-2018 17:21:26;"guillaume.marois";;
4836;"Bank of Asia";6141;;;8-10-2018 17:21:26;"guillaume.marois";;
4837;"Bank of Georgia";6129;;;8-10-2018 17:21:26;"guillaume.marois";;
4838;"Bank of Kigali";6163;;;8-10-2018 17:21:26;"guillaume.marois";;
4839;"Bank Republic";6129;;;8-10-2018 17:21:26;"guillaume.marois";;
4840;"BANPRO";6152;;;8-10-2018 17:21:26;"guillaume.marois";;
4841;"Banque Populaire du Rwanda - BPR";6163;;;8-10-2018 17:21:26;"guillaume.marois";;
4842;"Basisbank";6129;;;8-10-2018 17:21:26;"guillaume.marois";;
4843;"Basix";6134;;;8-10-2018 17:21:26;"guillaume.marois";;
4844;"Bayport Colombia S.A.S.";6122;;;8-10-2018 17:21:26;"guillaume.marois";;
4845;"Bayport Ghana";6130;;;8-10-2018 17:21:26;"guillaume.marois";;
4846;"Bayport Tanzania";6170;;;8-10-2018 17:21:26;"guillaume.marois";;
4847;"Beige Capital";6130;;;8-10-2018 17:21:26;"guillaume.marois";;
4848;"Belarusian Bank for Small Business";6111;;;8-10-2018 17:21:26;"guillaume.marois";;
4849;"Belarusky Narodny Bank";6111;;;8-10-2018 17:21:26;"guillaume.marois";;
4850;"Belstar Investment and Finance Pvt Ltd";6134;;;8-10-2018 17:21:26;"guillaume.marois";;
4851;"Bimputh Finance PLC";6167;;;8-10-2018 17:21:26;"guillaume.marois";;
4852;"Brac";6174;;;8-10-2018 17:21:26;"guillaume.marois";;
4853;"BTPN";6135;;;8-10-2018 17:21:26;"guillaume.marois";;
4854;"CACPECO";6126;;;8-10-2018 17:21:26;"guillaume.marois";;
4855;"Caja Huancayo";6158;;;8-10-2018 17:21:26;"guillaume.marois";;
4856;"Caja Municipal de Ahorro y Crédito Cusco S.A.";6158;;;8-10-2018 17:21:26;"guillaume.marois";;
4857;"Caja Municipal de Ahorro y credito de Arequipa S-A  ";6158;;;8-10-2018 17:21:26;"guillaume.marois";;
4858;"Caja Municipal de Ahorro y Crédito Tacna";6158;;;8-10-2018 17:21:26;"guillaume.marois";;
4859;"Caja Nuestra Gente";6158;;;8-10-2018 17:21:26;"guillaume.marois";;
4860;"Caja Rural de Ahorro y Credito Crédinka S.A.  ";6158;;;8-10-2018 17:21:26;"guillaume.marois";;
4861;"Caja Rural Nuestra Gente";6158;;;8-10-2018 17:21:26;"guillaume.marois";;
4862;"Caja Municipal de Ahorros y Creditos Maynas S.A.";6158;;;8-10-2018 17:21:26;"guillaume.marois";;
4863;"Caja Rural de Ahorro y Credito Los Andes";6158;;;8-10-2018 17:21:26;"guillaume.marois";;
4864;"CAL Bank";6130;;;8-10-2018 17:21:26;"guillaume.marois";;
4865;"Capital Bank";6156;;;8-10-2018 17:21:26;"guillaume.marois";;
4866;"CARD NGO";6159;;;8-10-2018 17:21:26;"guillaume.marois";;
4867;"CEAPE";6116;;;8-10-2018 17:21:26;"guillaume.marois";;
4868;"Centurion";6162;;;8-10-2018 17:21:26;"guillaume.marois";;
4869;"Cerudeb";6174;;;8-10-2018 17:21:26;"guillaume.marois";;
4870;"CFE Panama";6156;;;8-10-2018 17:21:26;"guillaume.marois";;
4871;"Chaitanya India Fin Credit Pvt Ltd";6134;;;8-10-2018 17:21:26;"guillaume.marois";;
4872;"Chase Bank";6139;;;8-10-2018 17:21:26;"guillaume.marois";;
4873;"CHF International";6179;;;8-10-2018 17:21:26;"guillaume.marois";;
4874;"China Foundation for Poverty Alleviation";6121;;;8-10-2018 17:21:26;"guillaume.marois";;
4875;"CIDRE IFD";6113;;;8-10-2018 17:21:26;"guillaume.marois";;
4876;"CMAC Huancayo";6158;;;8-10-2018 17:21:26;"guillaume.marois";;
4877;"CMAC Ica";6158;;;8-10-2018 17:21:26;"guillaume.marois";;
4878;"CMAC Paita";6158;;;8-10-2018 17:21:26;"guillaume.marois";;
4879;"CMAC Sullana";6158;;;8-10-2018 17:21:26;"guillaume.marois";;
4880;"CMAC Tacna";6158;;;8-10-2018 17:21:26;"guillaume.marois";;
4881;"CMAC Trujillo";6158;;;8-10-2018 17:21:26;"guillaume.marois";;
4882;"COAC PMV";6126;;;8-10-2018 17:21:26;"guillaume.marois";;
4883;"Comixmul";6133;;;8-10-2018 17:21:26;"guillaume.marois";;
4884;"Commercial Leasing & Finance PLC";6167;;;8-10-2018 17:21:26;"guillaume.marois";;
4885;"Commercial Microfinance ";6174;;;8-10-2018 17:21:26;"guillaume.marois";;
4886;"Compartamos Financiera ";6158;;;8-10-2018 17:21:26;"guillaume.marois";;
4887;"Confianza";6158;;;8-10-2018 17:21:26;"guillaume.marois";;
4888;"Consejo de Asistencia al Microemprendedor (CAME)";6146;"A";;8-10-2018 17:21:26;"guillaume.marois";3-12-2019 11:23:35;"nawel.octave"
4889;"Contactar";6122;;;8-10-2018 17:21:26;"guillaume.marois";;
4890;"Coocqiue";6123;;;8-10-2018 17:21:26;"guillaume.marois";;
4891;"Coop Pacifico";6158;;;8-10-2018 17:21:26;"guillaume.marois";;
4892;"COOPAC Fondesurco";6158;;;8-10-2018 17:21:26;"guillaume.marois";;
4893;"Cooperativa Nacional de Educadores R.L.";6123;;;8-10-2018 17:21:26;"guillaume.marois";;
4894;"Coopeservidores";6123;;;8-10-2018 17:21:26;"guillaume.marois";;
4895;"COAC Cooprogreso";6126;;;8-10-2018 17:21:26;"guillaume.marois";;
4896;"Coris Bank Burkina S.A";6117;;;8-10-2018 17:21:26;"guillaume.marois";;
4897;"Corporate Leasing Company Egypt";6127;;;8-10-2018 17:21:26;"guillaume.marois";;
4898;"CRAC Raiz";6158;;;8-10-2018 17:21:26;"guillaume.marois";;
4899;"CRBB China";6121;;;8-10-2018 17:21:26;"guillaume.marois";;
4900;"CRBB Philippines";6159;;;8-10-2018 17:21:26;"guillaume.marois";;
4901;"Credicampo";6128;;;8-10-2018 17:21:26;"guillaume.marois";;
4902;"Credichavin";6158;;;8-10-2018 17:21:26;"guillaume.marois";;
4903;"Crédito con Educación Rural - CRECER";6113;;;8-10-2018 17:21:26;"guillaume.marois";;
4904;"Credivision";6158;;;8-10-2018 17:21:26;"guillaume.marois";;
4905;"Crezcamos";6122;;;8-10-2018 17:21:26;"guillaume.marois";;
4906;"CRYSTAL FUND ";6129;;;8-10-2018 17:21:26;"guillaume.marois";;
4907;"Damen Support Programme";6154;;;8-10-2018 17:21:26;"guillaume.marois";;
4908;"Demirbank";6109;;;8-10-2018 17:21:26;"guillaume.marois";;
4909;"Desarollo ESPOIR";6126;;;8-10-2018 17:21:26;"guillaume.marois";;
4910;"DFCC Bank PLC";6167;;;8-10-2018 17:21:26;"guillaume.marois";;
4911;"DIACONIA";6113;;;8-10-2018 17:21:26;"guillaume.marois";;
4912;"Ecobank Togo";6171;"";"";8-10-2018 17:21:26;"guillaume.marois";11-5-2020 16:48:14;"Marina.Batzeri"
4913;"Ecofuturo";6113;;;8-10-2018 17:21:26;"guillaume.marois";;
4914;"Edpyme Alternativa";6158;;;8-10-2018 17:21:26;"guillaume.marois";;
4915;"Edpyme Confianza";6158;;;8-10-2018 17:21:26;"guillaume.marois";;
4916;"Edpyme Crear Arequipa";6158;;;8-10-2018 17:21:26;"guillaume.marois";;
4917;"Edpyme Solidaridad";6158;;;8-10-2018 17:21:26;"guillaume.marois";;
4918;"EFC Tanzania";6170;;;8-10-2018 17:21:26;"guillaume.marois";;
4919;"EFC Zambia";6180;;;8-10-2018 17:21:26;"guillaume.marois";;
4920;"Enda inter-arab";6172;;;8-10-2018 17:21:26;"guillaume.marois";;
4921;"ENLACE";6128;;;8-10-2018 17:21:26;"guillaume.marois";;
4922;"Equipate";6146;;;8-10-2018 17:21:26;"guillaume.marois";;
4923;"Equitas";6134;;;8-10-2018 17:21:26;"guillaume.marois";;
4924;"Equity Bank";6139;;;8-10-2018 17:21:26;"guillaume.marois";;
4925;"ESAF";6134;;;8-10-2018 17:21:26;"guillaume.marois";;
4926;"Eskhata Bank";6169;;;8-10-2018 17:21:26;"guillaume.marois";;
4927;"Espoir";6126;;;8-10-2018 17:21:26;"guillaume.marois";;
4928;"Essel";6134;;;8-10-2018 17:21:26;"guillaume.marois";;
4929;"Exitus Capital";6146;;;8-10-2018 17:21:26;"guillaume.marois";;
4930;"ExpressLeasing";6147;;;8-10-2018 17:21:26;"guillaume.marois";;
4931;"FACES";6126;;;8-10-2018 17:21:26;"guillaume.marois";;
4932;"Family Bank";6139;;;8-10-2018 17:21:26;"guillaume.marois";;
4933;"FASSIL FFP SA";6113;;;8-10-2018 17:21:26;"guillaume.marois";;
4934;"FATEN";6155;;;8-10-2018 17:21:26;"guillaume.marois";;
4935;"Faulu Kenya";6139;;;8-10-2018 17:21:26;"guillaume.marois";;
4936;"Faulu Uganda";6174;;;8-10-2018 17:21:26;"guillaume.marois";;
4937;"Fideicomiso primera titularización de cartera comercial pymes ProCredit";6126;;;8-10-2018 17:21:26;"guillaume.marois";;
4938;"Fidelis";6117;;;8-10-2018 17:21:26;"guillaume.marois";;
4939;"Fidelity Bank";6130;;;8-10-2018 17:21:26;"guillaume.marois";;
4940;"FIE GRAN PODER S.A";6209;;;8-10-2018 17:21:26;"guillaume.marois";;
4941;"Finadev Benin";6112;;;8-10-2018 17:21:26;"guillaume.marois";;
4942;"Financiamiento Progresemos S.A.";6146;"";"";8-10-2018 17:21:26;"guillaume.marois";19-3-2019 12:12:09;"nawel.octave"
4943;"Financiera Creditos Arequipa";6158;;;8-10-2018 17:21:26;"guillaume.marois";;
4944;"Financiera Desyfin";6123;;;8-10-2018 17:21:26;"guillaume.marois";;
4945;"Financiera Edyficar";6158;;;8-10-2018 17:21:26;"guillaume.marois";;
4946;"Financiera el Comercio";6157;;;8-10-2018 17:21:26;"guillaume.marois";;
4947;"Financiera FAMA SA";6152;;;8-10-2018 17:21:26;"guillaume.marois";;
4948;"FINANCIERA FINCA MEXICO";6146;;;8-10-2018 17:21:26;"guillaume.marois";;
4949;"Financiera Finca Nicaragua";6152;;;8-10-2018 17:21:26;"guillaume.marois";;
4950;"Financiera Fortaleza, SA de CV, SOFOM ENR";6146;;;8-10-2018 17:21:26;"guillaume.marois";;
4951;"Financiera FUNDESER";6152;;;8-10-2018 17:21:26;"guillaume.marois";;
4952;"FINANCIERA LABOR";6146;"";"";8-10-2018 17:21:26;"guillaume.marois";19-3-2019 12:13:04;"nawel.octave"
4953;"Financiera Proempresa S.A.";6158;;;8-10-2018 17:21:26;"guillaume.marois";;
4954;"Financiera TFC SA";6158;;;8-10-2018 17:21:26;"guillaume.marois";;
4955;"Finca El Salvador";6128;"";"";8-10-2018 17:21:26;"guillaume.marois";14-7-2021 17:08:13;"Marina.Batzeri"
4956;"Finca Armenia";6108;;;8-10-2018 17:21:26;"guillaume.marois";;
4957;"Finca Azerbaijan";6109;;;8-10-2018 17:21:26;"guillaume.marois";;
4958;"Finca Ecuador";6126;;;8-10-2018 17:21:26;"guillaume.marois";;
4959;"Finca Kosovo";6140;"";"";8-10-2018 17:21:26;"guillaume.marois";18-7-2019 12:54:24;"nawel.octave"
4960;"Finca Jordan";6137;;;8-10-2018 17:21:26;"guillaume.marois";;
4961;"Finca Malawi";6144;;;8-10-2018 17:21:26;"guillaume.marois";;
4962;"Finca Microcredit Company Kyrgyzstan";6141;"";"";8-10-2018 17:21:26;"guillaume.marois";14-7-2021 16:09:30;"Marina.Batzeri"
4963;"Finca Microcredit Organization Tajikistan";6169;;;8-10-2018 17:21:26;"guillaume.marois";;
4964;"FINCA RD CONGO SARL";6125;;;8-10-2018 17:21:26;"guillaume.marois";;
4965;"Finca Russia";6162;;;8-10-2018 17:21:26;"guillaume.marois";;
4966;"Finca Tanzania";6170;;;8-10-2018 17:21:26;"guillaume.marois";;
4967;"Finca Uganda";6174;;;8-10-2018 17:21:26;"guillaume.marois";;
4968;"FINCA ZAMBIA ";6180;;;8-10-2018 17:21:26;"guillaume.marois";;
4969;"Findev Azerbaijan";6109;;;8-10-2018 17:21:26;"guillaume.marois";;
4970;"Findev Benin";6112;;;8-10-2018 17:21:26;"guillaume.marois";;
4971;"Finova";6134;;;8-10-2018 17:21:26;"guillaume.marois";;
4972;"First Allied Savings and Loan (FASL)";6130;;;8-10-2018 17:21:26;"guillaume.marois";;
4973;"First Finance Cambodia";6118;;;8-10-2018 17:21:26;"guillaume.marois";;
4974;"First Finance Swaziland";6168;;;8-10-2018 17:21:26;"guillaume.marois";;
4975;"First Micro Credit Company";6141;;;8-10-2018 17:21:26;"guillaume.marois";;
4976;"FMH ";6176;;;8-10-2018 17:21:26;"guillaume.marois";;
4977;"Fondation Banque Populaire Pour Le Crédit";6150;;;8-10-2018 17:21:26;"guillaume.marois";;
4978;"FONDEP";6150;;;8-10-2018 17:21:26;"guillaume.marois";;
4979;"Fondo de Desarrollo Local ";6152;;;8-10-2018 17:21:26;"guillaume.marois";;
4980;"Fondo de Desarrollo Regional";6158;;;8-10-2018 17:21:26;"guillaume.marois";;
4981;"Fortaleza";6113;;;8-10-2018 17:21:26;"guillaume.marois";;
4982;"FORTIS Microfinance Bank";6153;;;8-10-2018 17:21:26;"guillaume.marois";;
4983;"Forus Bank";6162;;;8-10-2018 17:21:26;"guillaume.marois";;
4984;"FUBODE";6113;;;8-10-2018 17:21:26;"guillaume.marois";;
4985;"FUNBODEM";6113;;;8-10-2018 17:21:26;"guillaume.marois";;
4986;"Fundacion Delamujer";6122;;;8-10-2018 17:21:26;"guillaume.marois";;
4987;"FUNDACION ESPOIR";6126;;;8-10-2018 17:21:26;"guillaume.marois";;
4988;"Fundacion Genesis Empresarial";6131;;;8-10-2018 17:21:26;"guillaume.marois";;
4989;"FUNDAP";6131;;;8-10-2018 17:21:26;"guillaume.marois";;
4990;"FUNDENUSE";6152;;;8-10-2018 17:21:26;"guillaume.marois";;
4991;"Fusion Microfinance";6134;;;8-10-2018 17:21:26;"guillaume.marois";;
4992;"Future Financial Servicess Limited";6134;;;8-10-2018 17:21:26;"guillaume.marois";;
4993;"Grameen Financial Services";6134;;;8-10-2018 17:21:26;"guillaume.marois";;
4994;"Grassland";6121;;;8-10-2018 17:21:26;"guillaume.marois";;
4995;"Grooming Centre";6153;"";;8-10-2018 17:21:26;"guillaume.marois";3-11-2019 11:32:59;"nawel.octave"
4996;"Grupo Factoring de Occidente";6122;;;8-10-2018 17:21:26;"guillaume.marois";;
4997;"Grupo Monge";6156;;;8-10-2018 17:21:26;"guillaume.marois";;
4998;"Hamkorbank";6177;;;8-10-2018 17:21:26;"guillaume.marois";;
5000;"Hayman Capital Co. Ltd.";6183;;;8-10-2018 17:21:26;"guillaume.marois";;
5001;"HC Philippines";6159;;;8-10-2018 17:21:26;"guillaume.marois";;
5002;"House Credit";6178;"";"";8-10-2018 17:21:26;"guillaume.marois";25-3-2019 17:53:31;"nawel.octave"
5003;"Housing Finance Company Limited";6139;;;8-10-2018 17:21:26;"guillaume.marois";;
5004;"HUMO";6169;;;8-10-2018 17:21:26;"guillaume.marois";;
5005;"I&M Bank";6139;;;8-10-2018 17:21:26;"guillaume.marois";;
5006;"I.M. O.M.F. Microinvest S.R.L.";6147;;;8-10-2018 17:21:26;"guillaume.marois";;
5007;"Idea Bank";6111;;;8-10-2018 17:21:26;"guillaume.marois";;
5008;"IDEPRO";6113;;;8-10-2018 17:21:26;"guillaume.marois";;
5009;"IDH Honduras";6133;;;8-10-2018 17:21:26;"guillaume.marois";;
5010;"IMON International";6169;;;8-10-2018 17:21:26;"guillaume.marois";;
5011;"Indian School Finance Company Pvt. Ltd.";6134;;;8-10-2018 17:21:26;"guillaume.marois";;
5012;"Indosurya";6135;;;8-10-2018 17:21:26;"guillaume.marois";;
5013;"Inecobank Closed Joint-Stock Company";6108;;;8-10-2018 17:21:26;"guillaume.marois";;
5014;"Inicjatywa Mikro";6160;;;8-10-2018 17:21:26;"guillaume.marois";;
5015;"Insotec";6126;;;8-10-2018 17:21:26;"guillaume.marois";;
5016;"Interfisa";6157;;;8-10-2018 17:21:26;"guillaume.marois";;
5017;"Intrepid Finance and Leasing Private Limited";6134;;;8-10-2018 17:21:26;"guillaume.marois";;
5018;"Inversiones para el Desarrollo S.A.";6120;;;8-10-2018 17:21:26;"guillaume.marois";;
5019;"INVOINET SAU";6209;;;8-10-2018 17:21:26;"guillaume.marois";;
5020;"Iswe loans";6166;;;8-10-2018 17:21:26;"guillaume.marois";;
5021;"ITACA";6146;;;8-10-2018 17:21:26;"guillaume.marois";;
5022;"Jagaran Microfin Private Limited ";6134;;;8-10-2018 17:21:26;"guillaume.marois";;
5023;"Jamii Bora Bank";6139;;;8-10-2018 17:21:26;"guillaume.marois";;
5024;"Janalakshmi Financial Services Pvt. Ltd.";6134;;;8-10-2018 17:21:26;"guillaume.marois";;
5025;"JSC Finca Bank Georgia";6129;;;8-10-2018 17:21:26;"guillaume.marois";;
5026;"JSC Fondi BESA Albania";6192;;;8-10-2018 17:21:26;"guillaume.marois";;
5027;"Juhudi Kilimo";6139;;;8-10-2018 17:21:26;"guillaume.marois";;
5028;"Kafo Jiginew";6145;;;8-10-2018 17:21:26;"guillaume.marois";;
5029;"Kashf Foundation";6154;;;8-10-2018 17:21:26;"guillaume.marois";;
5030;"KEP";6140;;;8-10-2018 17:21:26;"guillaume.marois";;
5031;"Khan Bank LLC";6148;;;8-10-2018 17:21:26;"guillaume.marois";;
5032;"KICB";6141;;;8-10-2018 17:21:26;"guillaume.marois";;
5033;"Kinara Capital";6134;;;8-10-2018 17:21:26;"guillaume.marois";;
5034;"Kineret";6123;;;8-10-2018 17:21:26;"guillaume.marois";;
5035;"Kixicredito ";6210;;;8-10-2018 17:21:26;"guillaume.marois";;
5036;"KMBL";6154;;;8-10-2018 17:21:26;"guillaume.marois";;
5037;"Kredagro";6109;;;8-10-2018 17:21:26;"guillaume.marois";;
5038;"Kredit Microfinance";6118;;;8-10-2018 17:21:26;"guillaume.marois";;
5039;"K‐Rep Bank";6139;;;8-10-2018 17:21:26;"guillaume.marois";;
5040;"KWFT";6139;;;8-10-2018 17:21:26;"guillaume.marois";;
5042;"La Hipotecaria";6156;;;8-10-2018 17:21:26;"guillaume.marois";;
5043;"LAPO MICROFINANCE BANK LIMITED";6153;;;8-10-2018 17:21:26;"guillaume.marois";;
5044;"LendingKart Finance Limited";6134;;;8-10-2018 17:21:26;"guillaume.marois";;
5045;"Letshego Botswana";6115;;;8-10-2018 17:21:26;"guillaume.marois";;
5046;"Letshego Holding";6115;;;8-10-2018 17:21:26;"guillaume.marois";;
5047;"Letshego Kenya";6139;;;8-10-2018 17:21:26;"guillaume.marois";;
5048;"Letshego Namibia";6151;;;8-10-2018 17:21:26;"guillaume.marois";;
5049;"Lider";6114;;;8-10-2018 17:21:26;"guillaume.marois";;
5050;"Lingo Leasing";6146;;;8-10-2018 17:21:26;"guillaume.marois";;
5052;"Credo";6129;"";"";8-10-2018 17:21:26;"guillaume.marois";26-3-2019 14:26:28;"nawel.octave"
5053;"LOK micro";6114;;;8-10-2018 17:21:26;"guillaume.marois";;
5054;"LOLC Sri Lanka";6167;"";"";8-10-2018 17:21:26;"guillaume.marois";19-3-2021 12:41:02;"Marina.Batzeri"
5055;"LOLC Cambodia";6118;;;8-10-2018 17:21:26;"guillaume.marois";;
5056;"LOFC (formerly LOMC)";6167;"BB";"";8-10-2018 17:21:26;"guillaume.marois";4-1-2021 15:31:45;"Marina.Batzeri"
5057;"Lovcen banka AD";6149;;;8-10-2018 17:21:26;"guillaume.marois";;
5058;"Lusitano FG";6146;;;8-10-2018 17:21:26;"guillaume.marois";;
5059;"Ly Hour Microfinance Institution Plc";6118;;;8-10-2018 17:21:26;"guillaume.marois";;
5060;"Madison Finance Company";6180;;;8-10-2018 17:21:26;"guillaume.marois";;
5061;"Madura";6134;;;8-10-2018 17:21:26;"guillaume.marois";;
5063;"MBK Ventura";6135;;;8-10-2018 17:21:26;"guillaume.marois";;
5064;"MCC Mol Bulak Finance LLC";6141;;;8-10-2018 17:21:26;"guillaume.marois";;
5065;"Megabank";6175;;;8-10-2018 17:21:26;"guillaume.marois";;
5066;"MF Banka a.d.";6114;;;8-10-2018 17:21:26;"guillaume.marois";;
5067;"Bai Tushum Bank";6141;"";;8-10-2018 17:21:26;"guillaume.marois";3-5-2019 09:31:03;"nawel.octave"
5068;"MFC Kompanion";6141;;;8-10-2018 17:21:26;"guillaume.marois";;
5069;"MFI Alter Modus DOO";6149;;;8-10-2018 17:21:26;"guillaume.marois";;
5070;"MIBANCO, Banco de la Microempresa S.A.";6158;;;8-10-2018 17:21:26;"guillaume.marois";;
5071;"MiBospo ";6114;;;8-10-2018 17:21:26;"guillaume.marois";;
5072;"Micro Credit Organization Oxus Kyrgyz Republic";6141;;;8-10-2018 17:21:26;"guillaume.marois";;
5073;"Micro Credit Organization Oxus Tajikistan";6169;;;8-10-2018 17:21:26;"guillaume.marois";;
5074;"Microcred China";6121;;;8-10-2018 17:21:26;"guillaume.marois";;
5075;"Microcred Côte d Ivoire";6136;"";"";8-10-2018 17:21:26;"guillaume.marois";6-12-2019 10:22:39;"guillaume.marois"
5076;"Baobab Mali ( ex.Microcred Mali)";6145;"";"";8-10-2018 17:21:26;"guillaume.marois";3-12-2019 20:04:54;"nawel.octave"
5077;"Baobab Nigeria (ex:Microcred MFB)";6153;"";"";8-10-2018 17:21:26;"guillaume.marois";3-12-2019 20:05:09;"nawel.octave"
5078;"Microcred Senegal";6164;;;8-10-2018 17:21:26;"guillaume.marois";;
5079;"Microcredit Company Mikrofin";6114;;;8-10-2018 17:21:26;"guillaume.marois";;
5080;"Microcredit Deposit-Taking Organization Arvand LLC";6169;;;8-10-2018 17:21:26;"guillaume.marois";;
5082;"Microcredit Foundation Prizma";6114;;;8-10-2018 17:21:26;"guillaume.marois";;
5083;"Sunrise Microcredit Foundation";6114;"";"";8-10-2018 17:21:26;"guillaume.marois";14-3-2019 15:36:58;"nawel.octave"
5084;"Arnur Credit Microcredit Organization";6138;"";"";8-10-2018 17:21:26;"guillaume.marois";14-3-2019 15:36:44;"nawel.octave"
5085;"Microfinance Organization Lazika Capital";6129;"";"";8-10-2018 17:21:26;"guillaume.marois";27-3-2019 11:22:04;"nawel.octave"
5086;"Microserfin";6156;;;8-10-2018 17:21:26;"guillaume.marois";;
5087;"Mikro Leasing";6111;;;8-10-2018 17:21:26;"guillaume.marois";;
5088;"Minsk Transit Bank";6111;;;8-10-2018 17:21:26;"guillaume.marois";;
5089;"MKD SINERGIJAplus d.o.o.";6114;;;8-10-2018 17:21:26;"guillaume.marois";;
5090;"MKOPA";6211;"";;8-10-2018 17:21:26;"guillaume.marois";21-11-2018 11:07:43;"nawel.octave"
5091;"Modhumoti";6110;;;8-10-2018 17:21:26;"guillaume.marois";;
5092;"Mol Bulak Non‐banking Credit Organization";6109;;;8-10-2018 17:21:26;"guillaume.marois";;
5093;"MonteCredit";6149;;;8-10-2018 17:21:26;"guillaume.marois";;
5094;"Mucap";6123;;;8-10-2018 17:21:26;"guillaume.marois";;
5095;"Musoni";6139;;;8-10-2018 17:21:26;"guillaume.marois";;
5096;"Muthoot";6134;;;8-10-2018 17:21:26;"guillaume.marois";;
5097;"Mutual Alajuela";6123;;;8-10-2018 17:21:26;"guillaume.marois";;
5098;"Mutualista Pichincha";6126;;;8-10-2018 17:21:26;"guillaume.marois";;
5099;"NBD";6162;;;8-10-2018 17:21:26;"guillaume.marois";;
5100;"NeoGrowth Pvt Ltd";6134;;;8-10-2018 17:21:26;"guillaume.marois";;
5101;"NIC Bank";6139;;;8-10-2018 17:21:26;"guillaume.marois";;
5102;"NOA";6192;;;8-10-2018 17:21:26;"guillaume.marois";;
5103;"Norandino";6158;;;8-10-2018 17:21:26;"guillaume.marois";;
5104;"Normicro";6109;;;8-10-2018 17:21:26;"guillaume.marois";;
5105;"Nueva Vision S.A.";6158;;;8-10-2018 17:21:26;"guillaume.marois";;
5106;"Zola (ex. Off-Grid Electric)";6170;"";;8-10-2018 17:21:26;"guillaume.marois";20-11-2018 17:33:28;"nawel.octave"
5107;"Olympindo";6135;;;8-10-2018 17:21:26;"guillaume.marois";;
5108;"Omnibank Ghana Limited";6130;;;8-10-2018 17:21:26;"guillaume.marois";;
5109;"Operadora de Servicios Mega";6146;;;8-10-2018 17:21:26;"guillaume.marois";;
5110;"Opportunity Bank Serbia";6165;;;8-10-2018 17:21:26;"guillaume.marois";;
5111;"Opportunity International Savings and Loans Limited";6130;;;8-10-2018 17:21:26;"guillaume.marois";;
5112;"Opportunity Malawi";6144;;;8-10-2018 17:21:26;"guillaume.marois";;
5113;"Optima Bank ";6141;;;8-10-2018 17:21:26;"guillaume.marois";;
5114;"Orabank Côte d Ivoire S.A.";6136;"";"";8-10-2018 17:21:26;"guillaume.marois";6-12-2019 10:27:04;"guillaume.marois"
5115;"OXUS RD Congo";6125;;;8-10-2018 17:21:26;"guillaume.marois";;
5116;"Oxzyzo";6134;;;8-10-2018 17:21:26;"guillaume.marois";;
5117;"PABC";6167;;;8-10-2018 17:21:26;"guillaume.marois";;
5118;"Pahal";6134;;;8-10-2018 17:21:26;"guillaume.marois";;
5119;"Pamecas";6164;;;8-10-2018 17:21:26;"guillaume.marois";;
5120;"Panacredit";6156;;;8-10-2018 17:21:26;"guillaume.marois";;
5121;"Partner Mikrokreditna Fondacija";6114;;;8-10-2018 17:21:26;"guillaume.marois";;
5122;"Pasfin";6157;;;8-10-2018 17:21:26;"guillaume.marois";;
5123;"Patria Credit IFN";6161;;;8-10-2018 17:21:26;"guillaume.marois";;
5124;"People’s Leasing and Finance Company PLC";6167;;;8-10-2018 17:21:26;"guillaume.marois";;
5125;"Prasac Microfinance Institution ltd";6118;;;8-10-2018 17:21:26;"guillaume.marois";;
5126;"Pride";6170;;;8-10-2018 17:21:26;"guillaume.marois";;
5127;"Procredit bank";6114;;;8-10-2018 17:21:26;"guillaume.marois";;
5128;"Procredit Bank Congo";6125;;;8-10-2018 17:21:26;"guillaume.marois";;
5129;"ProCredit Bank Moldova";6147;;;8-10-2018 17:21:26;"guillaume.marois";;
5130;"ProCredit Bolivia";6113;;;8-10-2018 17:21:26;"guillaume.marois";;
5131;"ProCredit Georgia";6129;;;8-10-2018 17:21:26;"guillaume.marois";;
5132;"ProCredit Ghana";6130;;;8-10-2018 17:21:26;"guillaume.marois";;
5133;"ProCredit Honduras";6133;;;8-10-2018 17:21:26;"guillaume.marois";;
5134;"ProCredit Mexico";6146;;;8-10-2018 17:21:26;"guillaume.marois";;
5135;"PROCREDIT SERBIA*";6165;;;8-10-2018 17:21:26;"guillaume.marois";;
5136;"ProCredit Ukraine";6175;;;8-10-2018 17:21:26;"guillaume.marois";;
5137;"PRODUBANCO";6126;;;8-10-2018 17:21:26;"guillaume.marois";;
5138;"Profinanzas ";6158;;;8-10-2018 17:21:26;"guillaume.marois";;
5139;"ProMujer Argentina";6209;;;8-10-2018 17:21:26;"guillaume.marois";;
5140;"ProMujer Bolivia";6113;;;8-10-2018 17:21:26;"guillaume.marois";;
5141;"ProMujer Mexico";6146;;;8-10-2018 17:21:26;"guillaume.marois";;
5142;"Promujer Nicaragua";6152;;;8-10-2018 17:21:26;"guillaume.marois";;
5143;"ProMujer Peru";6158;;;8-10-2018 17:21:26;"guillaume.marois";;
5144;"Radana";6135;;;8-10-2018 17:21:26;"guillaume.marois";;
5145;"Rafiki Microfinance Bank";6139;;;8-10-2018 17:21:26;"guillaume.marois";;
5146;"Retail Capital";6166;;;8-10-2018 17:21:26;"guillaume.marois";;
5147;"RGVN";6134;;;8-10-2018 17:21:26;"guillaume.marois";;
5148;"RoCredit IFN";6161;;;8-10-2018 17:21:26;"guillaume.marois";;
5149;"SA Taxi";6166;;;8-10-2018 17:21:26;"guillaume.marois";;
5150;"Saija Finance Pvt Ltd";6134;;;8-10-2018 17:21:26;"guillaume.marois";;
5151;"Salym Finance";6141;;;8-10-2018 17:21:26;"guillaume.marois";;
5152;"Samic";6118;;;8-10-2018 17:21:26;"guillaume.marois";;
5153;"Samunnati Financial Intermediation & Services Private Limited";6134;;;8-10-2018 17:21:26;"guillaume.marois";;
5154;"Sathapana Limited";6118;;;8-10-2018 17:21:26;"guillaume.marois";;
5155;"Satin Creditcare Network Limited";6134;;;8-10-2018 17:21:26;"guillaume.marois";;
5156;"Satya Microcapital ";6134;;;8-10-2018 17:21:26;"guillaume.marois";;
5157;"SEF Armenia";6108;"";"";8-10-2018 17:21:26;"guillaume.marois";9-4-2019 10:46:40;"nawel.octave"
5158;"Sekerbank";6173;;;8-10-2018 17:21:26;"guillaume.marois";;
5159;"Sembrar Sartawi";6113;;;8-10-2018 17:21:26;"guillaume.marois";;
5160;"Servicio y Financiamiento Agrícola";6146;;;8-10-2018 17:21:26;"guillaume.marois";;
5161;"Servicios Financieros Optima";6128;;;8-10-2018 17:21:26;"guillaume.marois";;
5162;"Shiksha Financial Services India Pvt. Ltd.";6134;;;8-10-2018 17:21:26;"guillaume.marois";;
5163;"Siempre Creciendo S.A. de C.V.";6146;;;8-10-2018 17:21:26;"guillaume.marois";;
5164;"Sinapi Aba Trust";6130;;;8-10-2018 17:21:26;"guillaume.marois";;
5165;"SMILE";6134;;;8-10-2018 17:21:26;"guillaume.marois";;
5166;"Sociedad para la Inclusion de la Microempresa en Centroamerica y El Caribe S.A. (SICSA)";6133;;;8-10-2018 17:21:26;"guillaume.marois";;
5167;"SONATA FINANCE PRIVATE LIMITED";6134;;;8-10-2018 17:21:26;"guillaume.marois";;
5168;"Spandana";6134;;;8-10-2018 17:21:26;"guillaume.marois";;
5169;"SURYODAY MICROFINANCE PRIVATE LIMITED";6134;;;8-10-2018 17:21:26;"guillaume.marois";;
5170;"SV Credit Line Private Limited";6134;;;8-10-2018 17:21:26;"guillaume.marois";;
5171;"Tamweelcom";6137;;;8-10-2018 17:21:26;"guillaume.marois";;
5172;"Tanner";6120;;;8-10-2018 17:21:26;"guillaume.marois";;
5173;"TBC";6109;;;8-10-2018 17:21:26;"guillaume.marois";;
5174;"TBC Bank Georgia";6129;;;8-10-2018 17:21:26;"guillaume.marois";;
5175;"TBC Leasing";6129;;;8-10-2018 17:21:26;"guillaume.marois";;
5176;"TE CREEMOS S.A. DE C.V. SFP";6146;;;8-10-2018 17:21:26;"guillaume.marois";;
5177;"The First Microfinance Bank";6169;;;8-10-2018 17:21:26;"guillaume.marois";;
5178;"The First Microfinance Company";6141;;;8-10-2018 17:21:26;"guillaume.marois";;
5179;"Thirumeni Finance Private Limited";6134;;;8-10-2018 17:21:26;"guillaume.marois";;
5180;"Trade & Development Bank";6148;;;8-10-2018 17:21:26;"guillaume.marois";;
5181;"Trustco Finance";6151;;;8-10-2018 17:21:26;"guillaume.marois";;
5182;"Tunisie Leasing";6172;;;8-10-2018 17:21:26;"guillaume.marois";;
5183;"Turanbank Open Joint Stock Company";6109;;;8-10-2018 17:21:26;"guillaume.marois";;
5184;"Ugandan Finance Trust";6174;;;8-10-2018 17:21:26;"guillaume.marois";;
5185;"Ujjivan";6134;;;8-10-2018 17:21:26;"guillaume.marois";;
5186;"Ummeed Housing Finance";6134;;;8-10-2018 17:21:26;"guillaume.marois";;
5187;"UniBank Ghana ";6130;;;8-10-2018 17:21:26;"guillaume.marois";;
5188;"Unifin";6146;"BB";;8-10-2018 17:21:26;"guillaume.marois";3-12-2019 11:24:06;"nawel.octave"
5189;"Union Bank of Colombo PLC";6167;;;8-10-2018 17:21:26;"guillaume.marois";;
5190;"Utkarsh Micro Finance Private Limited";6134;;;8-10-2018 17:21:26;"guillaume.marois";;
5191;"U-Trust ";6174;;;8-10-2018 17:21:26;"guillaume.marois";;
5192;"Varthana";6134;;;8-10-2018 17:21:26;"guillaume.marois";;
5193;"Vaya Finserv ";6134;;;8-10-2018 17:21:26;"guillaume.marois";;
5194;"Vehiculos Liquidos Financieros SAPI DE CV SOFOM ENR - VELIFIN";6146;;;8-10-2018 17:21:26;"guillaume.marois";;
5195;"Viator";6109;;;8-10-2018 17:21:26;"guillaume.marois";;
5196;"Victoria Bank";6139;;;8-10-2018 17:21:26;"guillaume.marois";;
5197;"Vision Banco S.A.E.C.A.";6157;;;8-10-2018 17:21:26;"guillaume.marois";;
5198;"Vision Fund Cambodia";6118;;;8-10-2018 17:21:26;"guillaume.marois";;
5199;"Vision Fund Ecuador";6126;;;8-10-2018 17:21:26;"guillaume.marois";;
5201;"Vision Fund International";6179;;;8-10-2018 17:21:26;"guillaume.marois";;
5202;"Vision Fund Myanmar";6183;;;8-10-2018 17:21:26;"guillaume.marois";;
5203;"Vistaar Financial Services Private Ltd.";6134;;;8-10-2018 17:21:26;"guillaume.marois";;
5204;"Vitas IFN";6161;;;8-10-2018 17:21:26;"guillaume.marois";;
5205;"Vitas Jordan";6137;;;8-10-2018 17:21:26;"guillaume.marois";;
5206;"Vitas Lebanon";6142;;;8-10-2018 17:21:26;"guillaume.marois";;
5207;"Vitas Palestine";6155;;;8-10-2018 17:21:26;"guillaume.marois";;
5208;"WWB Cali ";6122;;;8-10-2018 17:21:26;"guillaume.marois";;
5209;"WWB Medellín";6122;;;8-10-2018 17:21:26;"guillaume.marois";;
5210;"WWB Popayan";6122;;;8-10-2018 17:21:26;"guillaume.marois";;
5211;"XACBANK LLC";6148;;;8-10-2018 17:21:26;"guillaume.marois";;
5212;"XacLeasing LLC";6148;;;8-10-2018 17:21:26;"guillaume.marois";;
5213;"Zhong An Credit";6121;;;8-10-2018 17:21:26;"guillaume.marois";;
5214;"Docuformas";6146;;;;;;
5215;"Union Bank Nigeria";6153;;;;;;
5216;"Banka Per Biznes Sh.A.";6140;;;;;;
5217;"CGM Leasing Argentina S.A.";6209;;;;;;
5218;"Clear Leasing";6146;;;;;;
5219;"Rentandes S.A.";6122;;;;;;
5220;"Arrend Honduras";6133;;;10-8-2018 00:00:00;"guillaume.marois";;
5221;"Namra";6134;;;10-10-2019 00:00:00;"guillaume.marois";;
5222;"LankaBangla";6110;;;10-10-2019 00:00:00;"guillaume.marois";;
5224;"Vision Fund Honduras";6133;;;10-10-2019 00:00:00;"guillaume.marois";;
5225;"COAC PJL";6126;;;10-10-2019 00:00:00;"guillaume.marois";;
5227;"Greenlight Planet HK Ltd";6121;"";;10-10-2019 00:00:00;"guillaume.marois";12-5-2018 11:45:47;"nawel.octave"
5228;"Bayport Botswana";6115;;;10-10-2019 00:00:00;"guillaume.marois";;
5250;"Ab Bank Rwanda";6163;"";;26-10-2018 00:00:00;"guillaume.marois";;
5252;"AB Bank Zambia";6180;;;;;;
5254;"Fenix";6174;"";;9-11-2018 11:31:55;"nawel.octave";;
5256;"Bailyk Finance";6141;"";;14-11-2018 17:10:59;"nawel.octave";;
5257;"Veritas Finance";6134;"";;15-11-2018 18:21:16;"nawel.octave";;
5258;"Thengamara Mohila Sabuj Sangha (TMSS)";6110;"";;22-11-2018 11:17:18;"nawel.octave";;
5259;"Bayport  South Africa";6166;"";"";4-12-2018 17:43:05;"nawel.octave";18-7-2019 11:26:52;"nawel.octave"
5260;"Cooperativa de Ahorro y Credito Andalucia";6126;"";;4-12-2018 18:07:15;"nawel.octave";12-4-2018 18:33:56;"nawel.octave"
5262;"Norsad";6115;"";;7-1-2019 11:02:28;"nawel.octave";;
5265;"COAC Alianza del Valle";6126;"";;7-1-2019 11:05:48;"nawel.octave";;
5267;"COAC San Antonio";6126;"";;7-1-2019 11:06:14;"nawel.octave";;
5268;"COAC Maquita Cushunchic";6126;"";;7-1-2019 11:06:32;"nawel.octave";;
5269;"IBDAA Lebanon";6142;"";;7-1-2019 11:07:24;"nawel.octave";;
5270;"Seylan Bank";6167;"";;7-1-2019 11:08:29;"nawel.octave";;
5271;"Kogta";6134;"";;7-1-2019 11:08:54;"nawel.octave";;
5272;"Esskay";6134;"";;7-1-2019 11:09:58;"nawel.octave";;
5273;"Save";6134;"";;7-1-2019 11:10:25;"nawel.octave";;
5274;"Arman";6134;"";;7-1-2019 11:10:38;"nawel.octave";;
5275;"Svasti";6134;"";;7-1-2019 11:11:08;"nawel.octave";;
5280;"KMF";6138;"";"";;;26-3-2019 14:28:11;"nawel.octave"
5281;"CFE Tunisie";6172;"";;7-1-2019 13:13:05;"nawel.octave";;
5282;"Banco General Rumiñahui S.A";6126;"";;8-1-2019 13:54:25;"nawel.octave";;
5283;"Banco de Loja";6126;"";"AAA-";12-2-2019 20:42:43;"nawel.octave";13-8-2021 16:19:07;"Marina.Batzeri"
5284;"Cofina Senegal";6164;"";"";12-2-2019 20:46:24;"nawel.octave";16-9-2019 12:03:31;"charlotte.juhel"
5285;"CAC Ivory Coast";6136;"";;12-2-2019 20:49:32;"nawel.octave";;
5298;"credisol";6133;;;13-2-2019 15:59:20;"guillaume.marois";13-2-2019 16:06:51;"guillaume.marois"
5301;"ASHA Nigeria ( former ASIEA)";6153;"";"";5-3-2019 10:12:16;"guillaume.marois";11-3-2020 14:45:21;"Marina.Batzeri"
5302;"IBDAA Palestine";6155;"";;11-3-2019 09:24:32;"nawel.octave";3-11-2019 10:05:39;"nawel.octave"
5303;"HC Vietnam";6178;;;11-3-2019 11:25:03;"nawel.octave";;
5308;"Factoring Total S.A";6158;;;12-3-2019 19:51:46;"nawel.octave";;
5309;"Financiera Solar";6157;;"BBB+";12-3-2019 21:18:18;"nawel.octave";;
5310;"LOLC Myanmar";6183;"BBB";;12-3-2019 21:23:45;"nawel.octave";;
5311;"Bayport Zambia";6180;;;19-3-2019 10:43:09;"nawel.octave";;
5312;"Enda Tamweel";6172;"BBB-";"";19-3-2019 11:43:16;"nawel.octave";4-9-2021 23:23:09;"Marina.Batzeri"
5324;"Finca Haiti";6132;;;4-4-2019 13:48:44;"nawel.octave";;
5325;"PACT Global Microfinance Fund";6183;;;12-4-2019 17:07:25;"nawel.octave";;
5326;"Early dawn";6183;"BBB";;13-5-2019 18:26:09;"nawel.octave";;
5327;"MC Easy Microfinance";6183;;;13-5-2019 18:27:22;"nawel.octave";;
5329;"Microfinance delta international";6183;;;13-5-2019 18:28:28;"nawel.octave";;
5330;"Proximity Finance";6183;;;13-5-2019 18:29:22;"nawel.octave";;
5332;"Kreditimi Rural i Kosoves or KRK";6140;"BBB";;14-5-2019 09:47:54;"nawel.octave";;
5333;"Georgian Leasing";6129;;;14-5-2019 09:57:30;"nawel.octave";;
5335;"Sterling Bank";6153;"B-";"B-";7-6-2019 09:49:02;"nawel.octave";;
5336;"Keb Hana";6183;;;7-6-2019 10:10:38;"nawel.octave";;
5337;"Advans Myanmar";6183;;;7-6-2019 10:30:44;"nawel.octave";;
5338;"Zuoli";6121;;;7-6-2019 10:32:02;"nawel.octave";;
5340;"AK Bank";6173;;;7-6-2019 10:32:43;"nawel.octave";;
5341;"Umuzi";6166;;;7-6-2019 10:33:13;"nawel.octave";;
5342;"Kafo";6145;;;7-6-2019 10:33:28;"nawel.octave";;
5343;"Brac Myanmar";6183;;;7-6-2019 10:43:59;"nawel.octave";;
5345;"Micro Business Capital";6129;;;26-6-2019 09:44:41;"nawel.octave";;
5347;"Maha Agriculture";6183;;;1-7-2019 10:00:22;"nawel.octave";;
5348;"Alliance for Microfinance";6183;;;1-7-2019 10:01:06;"nawel.octave";;
5350;"FFO Support";6154;;;2-7-2019 12:30:24;"nawel.octave";;
5351;"Infin Bank";6177;;;12-7-2019 12:42:43;"nawel.octave";;
5352;"ECLOF";6139;;;12-7-2019 13:14:52;"nawel.octave";;
5353;"Select Eswatini";6168;;;12-7-2019 13:37:23;"nawel.octave";;
5354;"Mifida";6183;;;12-7-2019 17:53:32;"nawel.octave";;
5356;"ASA Myanmar";6183;;;15-7-2019 17:45:40;"nawel.octave";;
5357;"PT Trihamas Finance";6135;;;20-8-2019 10:17:22;"nawel.octave";;
5358;"PT Batavia Prosperindo";6135;;;20-8-2019 10:17:40;"nawel.octave";;
5361;"Ipak Yuli";6177;;;20-8-2019 10:18:26;"nawel.octave";;
5362;"ASEI";6128;;;20-8-2019 10:18:40;"nawel.octave";;
5363;"SAFCO";6154;;;20-8-2019 11:56:03;"nawel.octave";;
5365;"Myanmar Finance International";6183;"";"";20-8-2019 11:56:52;"nawel.octave";20-8-2019 12:02:42;"nawel.octave"
5366;"SHB Vietnam";6178;;;3-9-2019 11:34:03;"nawel.octave";;
5367;"SEF South Africa";6166;;;4-9-2019 10:46:18;"nawel.octave";;
5368;"QNB Finans Leasing";6173;;;12-9-2019 12:49:05;"nawel.octave";;
5369;"AFCL";6153;;;12-9-2019 12:56:32;"nawel.octave";;
5371;"PAMF BF";6117;;;16-9-2019 11:41:38;"charlotte.juhel";;
5372;"Cofina Gabon";6212;;;16-9-2019 12:02:04;"charlotte.juhel";;
5373;"Vital Finance";6112;;;16-9-2019 12:13:21;"charlotte.juhel";;
5374;"Coris CI";6136;;;16-9-2019 12:37:53;"charlotte.juhel";;
5375;"TAM Faktoring";6173;;;16-9-2019 12:47:50;"charlotte.juhel";;
5376;"Ulusal";6173;;;16-9-2019 12:50:44;"charlotte.juhel";;
5377;"Paraguayo Japonesa";6157;;;16-9-2019 12:56:38;"charlotte.juhel";;
5378;"Credicentro";6157;;;16-9-2019 13:00:41;"charlotte.juhel";;
5379;"Mercader Financial";6146;;;16-9-2019 13:04:33;"charlotte.juhel";;
5381;"Elet Kapital";6141;;;16-9-2019 14:53:47;"charlotte.juhel";;
5382;"Globus Bank";6175;;;16-9-2019 14:55:54;"charlotte.juhel";;
5383;"Wemabank";6153;;;16-9-2019 15:00:05;"charlotte.juhel";;
5385;"Sumac";6139;;;16-9-2019 15:04:54;"charlotte.juhel";;
5386;"KOMIDA";6135;;;16-9-2019 15:07:04;"charlotte.juhel";;
5387;"DAVR";6177;;;8-10-2019 10:15:35;"marco.putotto";;
5389;"COAC 4 de Octubre";6126;;;8-10-2019 11:32:47;"charlotte.juhel";;
5390;"Alphacredit";6146;;;8-10-2019 12:38:17;"charlotte.juhel";;
5391;"Bina Artha Ventura";6135;;;8-10-2019 13:04:43;"charlotte.juhel";;
5392;"Tifa Finance";6135;;;8-10-2019 13:07:58;"charlotte.juhel";;
5393;"BID";6148;;;8-10-2019 13:10:36;"charlotte.juhel";;
5394;"Jardin Azuayo";6126;;;8-10-2019 13:18:06;"charlotte.juhel";;
5395;"Inner Mongolia Gaoxinlong Microcredit (IMG)";6121;"";"";25-10-2019 16:46:19;"charlotte.juhel";28-10-2019 16:46:49;"marco.putotto"
5396;"JSC Georgian Credit";6129;;;29-10-2019 09:54:33;"marco.putotto";;
5397;"Attadamoune";6150;;;6-11-2019 19:52:39;"marco.putotto";;
5400;"Addosser";6153;;;12-11-2019 09:47:27;"charlotte.juhel";;
5401;"Mikro Kapital";6147;;;2-12-2019 16:53:34;"charlotte.juhel";;
5402;"EFC Uganda";6174;;;2-12-2019 17:22:53;"charlotte.juhel";;
5403;"Bancovi";6128;;;5-12-2019 10:26:18;"charlotte.juhel";;
5404;"MNC Finance";6135;;;17-12-2019 14:08:25;"charlotte.juhel";;
5405;"Banco Abank";6128;;;10-1-2020 14:28:04;"charlotte.juhel";;
5406;"Sofipa Corporacion";6146;;;10-1-2020 14:53:40;"charlotte.juhel";;
5407;"Cofina Ivory Coast";6136;"";"";23-1-2020 09:46:53;"charlotte.juhel";22-7-2021 17:52:52;"Kevin.Allamagbo"
5411;"Acorde";6123;;;10-2-2020 15:04:37;"charlotte.juhel";;
5412;"CDFinance";6121;;;10-2-2020 15:21:28;"charlotte.juhel";;
5413;"AMK";6118;;;10-2-2020 15:34:02;"charlotte.juhel";;
5415;"Bayport Mozambique";6214;;;10-2-2020 16:10:34;"charlotte.juhel";;
5417;"ASA Tanzania";6170;;;10-2-2020 16:29:23;"charlotte.juhel";;
5419;"Transcapital";6148;;;11-2-2020 10:54:55;"nawel.octave";;
5421;"Finreal";6146;;;6-3-2020 11:15:02;"charlotte.juhel";;
5423;"CLC";6167;;;6-3-2020 17:18:08;"charlotte.juhel";;
5424;"Pan Asia";6167;;;6-3-2020 17:27:10;"charlotte.juhel";;
5426;"Sipem Banque";6215;;;6-3-2020 18:36:42;"charlotte.juhel";;
5427;"Finsocial";6122;;;6-3-2020 18:51:06;"charlotte.juhel";;
5429;"Credito Real";6146;;;9-3-2020 10:12:07;"charlotte.juhel";;
5432;"Access Holding Germany";6219;;;10-4-2020 17:25:36;"charlotte.juhel";;
5433;"Baobab Holding France";6218;;;15-4-2020 17:27:21;"charlotte.juhel";;
5434;"Huimin";6121;;;7-5-2020 13:46:29;"charlotte.juhel";;
5435;"MKF Mikra";6114;;;26-5-2020 15:56:21;"charlotte.juhel";;
5436;"ASA Kenya";6139;;;24-6-2020 17:50:15;"charlotte.juhel";;
5439;"Banco Agricola";6128;;;7-7-2020 18:07:46;"charlotte.juhel";;
5440;"BMM (Banco Mundo Mujer)";6122;;;21-7-2020 15:35:51;"charlotte.juhel";;
5441;"Banco Credifinanciera";6122;"";"";21-7-2020 15:36:11;"charlotte.juhel";18-12-2020 13:24:58;"Marina.Batzeri"
5442;"ADOPEM";6124;;;8-8-2020 19:34:03;"charlotte.juhel";;
5444;"Accion";6153;;;10-8-2020 08:42:27;"marco.putotto";;
5445;"AEB";6108;;;10-8-2020 08:42:44;"marco.putotto";;
5451;"Premier Credit Kenya";6139;"";"";10-8-2020 13:01:41;"charlotte.juhel";2-11-2021 12:12:39;"Marina.Batzeri"
5452;"KapitalMujer (formely MasKapital)";6146;"";"";19-8-2020 10:25:47;"charlotte.juhel";15-4-2021 10:21:48;"Marina.Batzeri"
5454;"Uzbek Leasing";6177;;;16-9-2020 15:56:09;"charlotte.juhel";;
5455;"Leasing Total";6158;;;16-9-2020 16:08:25;"charlotte.juhel";;
5456;"Brac Tanzania";6170;;;16-9-2020 17:57:23;"charlotte.juhel";;
5457;"Lula Lend";6166;;;16-9-2020 18:33:58;"charlotte.juhel";;
5458;"Financiera Credinka";6158;;;1-10-2020 17:24:50;"charlotte.juhel";;
5461;"Advans Nigeria (formerly La Fayette)";6153;"";"";8-10-2020 15:25:00;"charlotte.juhel";19-10-2020 10:21:00;"marco.putotto"
5462;"Opportunity Bank Uganda";6174;;;8-10-2020 15:35:41;"charlotte.juhel";;
5463;"Sathapana Myanmar";6183;;;8-10-2020 15:47:14;"charlotte.juhel";;
5464;"BabbanGona";6153;;;8-10-2020 16:13:06;"charlotte.juhel";;
5466;"JSC Liberty Bank";6129;;;8-10-2020 17:12:33;"charlotte.juhel";;
5467;"Five Star";6134;;;8-10-2020 17:36:35;"charlotte.juhel";;
5474;"Microcredit Company EKI";6114;;;21-10-2020 14:40:40;"charlotte.juhel";;
5475;"Ecobank Malawi";6144;;;5-11-2020 16:50:31;"Marina.Batzeri";;
5485;"Microcredit Foundation EKI";6114;"";"";19-11-2020 10:48:56;"Kevin.Allamagbo";19-11-2020 10:50:14;"Kevin.Allamagbo"
5492;"Light Microfinance Private Limited";6134;;;23-11-2020 10:14:53;"charlotte.juhel";;
5503;"Finca Nigeria";6153;"B";"B";3-12-2020 17:53:19;"Marina.Batzeri";;
5505;"LB Finance";6167;"CCC+";;15-1-2021 17:04:18;"Marina.Batzeri";;
5506;"Select Kenya";6139;;;8-2-2021 10:23:31;"Marina.Batzeri";;
5509;"Premier Credit Uganda";6174;;"B2";11-2-2021 12:18:14;"Marina.Batzeri";;
5511;"MTBank";6111;;;22-4-2021 12:15:01;"Marina.Batzeri";;
5513;"Senkadagala Finance (SENFIN)";6167;"";"";11-5-2021 17:42:16;"Marina.Batzeri";5-11-2021 17:51:02;"Marina.Batzeri"
5514;"Converse Bank";6108;;;14-5-2021 22:22:49;"Marina.Batzeri";;
5519;"Hattha Kaksekar";6118;"";"";4-6-2021 13:29:48;"Kevin.Allamagbo";6-4-2021 15:57:15;"Kevin.Allamagbo"
5520;"Tugende";6174;;;18-6-2021 14:47:55;"Marina.Batzeri";;
5521;"Crediclub";6146;"";"";18-6-2021 18:31:21;"Marina.Batzeri";18-6-2021 18:34:24;"Marina.Batzeri"
5524;"Bank of Maldives";6221;"";"";18-6-2021 18:43:44;"Marina.Batzeri";21-6-2021 09:47:00;"Kevin.Allamagbo"
5525;"Bridge Taxi";6166;;;18-6-2021 18:47:03;"Marina.Batzeri";;
5529;"";;;;13-8-2021 10:41:28;"Marina.Batzeri";;
5530;"NMB Bank";6225;;;13-8-2021 13:46:40;"marco.putotto";;
5531;"Orabank Togo S.A.";6171;"";"Caa1";13-8-2021 15:50:27;"Marina.Batzeri";13-8-2021 16:02:57;"Marina.Batzeri"
5532;"";;;;13-8-2021 16:15:40;"Marina.Batzeri";;
5533;"";;;;13-8-2021 16:18:17;"Marina.Batzeri";;
5535;"Credit Mutuel";6164;;;13-8-2021 20:03:45;"Marina.Batzeri";;
5537;"Modalku";6135;;;15-9-2021 14:27:32;"Marina.Batzeri";;
5538;"Sanasa Development Bank (SDB)";6167;;;15-9-2021 17:58:41;"Marina.Batzeri";;
5539;"BDF";6152;;;15-9-2021 18:00:45;"Marina.Batzeri";;
5540;"Grace and Mercy";6153;;;15-9-2021 18:01:10;"Marina.Batzeri";;
5541;"";;;;15-9-2021 18:01:39;"Marina.Batzeri";;
5542;"";;;;15-9-2021 18:10:04;"Marina.Batzeri";;
5543;"";;;;16-9-2021 14:52:33;"Marina.Batzeri";;
5544;"";;;;17-9-2021 10:08:02;"Marina.Batzeri";;
